StudyID,TraitNo,Cross_ID,Sex,parents_different_stats,max_SD_diff,min_SD_diff,parents_different_stats_and_SD
Hatfield_1999,1,A,NA,TRUE,1.6842105263157887,1.523809523809523,TRUE
Hatfield_1999,2,A,NA,TRUE,3.0000000000000027,2.0000000000000018,TRUE
Hatfield_1999,3,A,NA,TRUE,1.3333333333333346,1.3333333333333346,TRUE
Hatfield_1999,4,A,NA,TRUE,2.2500000000000018,2.2500000000000018,TRUE
Hatfield_1999,5,A,NA,TRUE,5.9595959595959584,3.83116883116883,TRUE
Hatfield_1999,6,A,NA,TRUE,4.5,4,TRUE
Hatfield_1999,7,A,NA,TRUE,31.500000000000004,11.8125,TRUE
Hatfield_1999,8,A,NA,TRUE,9.22608695652174,4.633187772925765,TRUE
Vamosi_2002,1,A,NA,TRUE,13.136436434189479,1.4374969696154152,TRUE
Vamosi_2002,2,A,NA,TRUE,4.686663712485322,4.686663712485322,TRUE
Lemmon_2010,1,A,M,TRUE,20.127272727272725,9,TRUE
Lemmon_2010,2,A,M,TRUE,9.986394557823129,4.0777777777777775,TRUE
Grosch_2003,1,A,NA,TRUE,1.5000000000000002,1.1000000000000003,TRUE
Grosch_2003,2,A,NA,TRUE,3.642857142857141,2.833333333333332,TRUE
Grosch_2003,3,A,NA,FALSE,0.311926605504587,0.26153846153846144,FALSE
Lowry_2010,1,A,NA,TRUE,Inf,2.2332297594632844,TRUE
Lowry_2010,2,A,NA,TRUE,11.697933666390256,7.993262837939601,TRUE
Lowry_2010,3,A,NA,TRUE,9.459926368586448,7.515905137662421,TRUE
Lowry_2010,4,A,NA,TRUE,8.102075752729126,4.196873593976755,TRUE
Lowry_2010,5,A,NA,TRUE,13.956234235146592,5.612479383060593,TRUE
Lowry_2010,6,A,NA,TRUE,2.4344905171522164,2.2518044774078123,TRUE
Loveless_2010,1,A,M,TRUE,8.366791814259388,4.103195574677209,TRUE
Loveless_2010,2,A,M,TRUE,2.6244526246338244,1.7694055985694193,TRUE
Loveless_2010,3,A,M,TRUE,0.46310476073721796,0.4138119259730433,TRUE
Loveless_2010,4,A,M,TRUE,23.65403691011558,5.128712109151913,TRUE
Loveless_2010,5,A,M,TRUE,1.8548520670059352,1.3439680055715613,TRUE
Loveless_2010,6,A,M,TRUE,3.886523725215976,1.4689678916391151,TRUE
Loveless_2010,7,A,M,TRUE,0.8121316979017887,0.5336750799026416,TRUE
Loveless_2010,8,A,M,TRUE,1.6846819061769498,1.3900933689749355,TRUE
Loveless_2010,9,A,M,TRUE,0.8522794513291371,0.6302043747522185,TRUE
Loveless_2010,10,A,M,TRUE,2.7019992598074483,0.7242985456519521,TRUE
Loveless_2010,11,A,M,FALSE,0.33421185044161694,0.31215108180549433,FALSE
Loveless_2010,12,A,M,TRUE,2.6071625480058085,1.600006493493317,TRUE
Loveless_2010,13,A,M,TRUE,2.352702346947725,1.01875,TRUE
Loveless_2010,14,A,M,TRUE,1.6656305965282066,0.8018753738744802,TRUE
Loveless_2010,15,A,M,FALSE,0.041170914718331494,0.03351967386943782,FALSE
Loveless_2010,16,A,M,FALSE,0.14169402210880921,0.09112885483780478,FALSE
Loveless_2010,17,A,M,TRUE,5.489219851141967,2.5852588423473577,TRUE
Loveless_2010,18,A,M,TRUE,0.7545868186321355,0.5758099488232803,TRUE
Barson_2007,1,A,NA,TRUE,11.984749455337692,8.016446732067399,TRUE
Barson_2007,2,A,NA,TRUE,41.80135782035076,14.486301369863012,TRUE
Mione_2017,1,A,NA,TRUE,12.304250559284117,6.740196078431374,TRUE
Mione_2017,2,A,NA,TRUE,9.947643979057592,6.28099173553719,TRUE
Mione_2017,3,A,NA,FALSE,9.450171821305842,3.674014696058784,TRUE
Mione_2017,4,A,NA,FALSE,6.4453125,4.15669479783348,TRUE
Mione_2017,5,A,NA,TRUE,1.9400352733686062,1.3017751479289936,TRUE
Mione_2017,6,A,NA,TRUE,21.136063408190225,11.532916866890918,TRUE
Mione_2017,7,A,NA,FALSE,7.499999999999999,3.4615384615384612,TRUE
Mione_2017,8,A,NA,FALSE,7.999999999999998,3.1999999999999993,TRUE
Vedenina_2007,1,A,NA,TRUE,21.4,2.2765957446808507,TRUE
Vedenina_2007,2,A,NA,TRUE,63.19999999999999,2.149659863945578,TRUE
Vedenina_2007,3,A,NA,TRUE,2.7499999999999996,1.3749999999999998,TRUE
Vedenina_2007,4,A,NA,TRUE,8.5,3.0909090909090913,TRUE
Vedenina_2007,5,A,NA,TRUE,11.444444444444445,3.3225806451612905,TRUE
Vedenina_2007,6,A,NA,TRUE,10.333333333333332,4.428571428571427,TRUE
Vedenina_2007,7,A,NA,TRUE,2.076923076923077,0.870967741935484,TRUE
Vedenina_2007,8,A,NA,TRUE,12.571428571428575,5.823529411764707,TRUE
Vedenina_2007,1,B,NA,TRUE,3.3823529411764706,1.6666666666666665,TRUE
Vedenina_2007,2,B,NA,TRUE,37.5,1.7857142857142858,TRUE
Vedenina_2007,3,B,NA,TRUE,1.714285714285714,1.5,TRUE
Vedenina_2007,4,B,NA,TRUE,2.2222222222222223,2,TRUE
Vedenina_2007,5,B,NA,TRUE,8.333333333333334,2.4038461538461537,TRUE
Vedenina_2007,6,B,NA,TRUE,9,4.000000000000001,TRUE
Vedenina_2007,7,B,NA,FALSE,0.35294117647058854,0.30000000000000027,FALSE
Vedenina_2007,8,B,NA,TRUE,6.395833333333334,4.912000000000001,TRUE
Vedenina_2007,10,A,NA,TRUE,10.258203718696327,8.546687986829257,TRUE
Vedenina_2007,10,B,NA,TRUE,6.472523920689279,5.566337509917116,TRUE
Vedenina_2007,11,A,NA,TRUE,12.783561408076539,7.521965994837946,TRUE
Vedenina_2007,11,B,NA,TRUE,5.189102389057986,3.8924018744925974,TRUE
Oh_2012,1,A,M,TRUE,22.589738739000424,13.691449240782555,TRUE
Oh_2012,2,A,F,TRUE,11.792695585528032,7.079877205616807,TRUE
Shaw_1996,1,B,M,TRUE,115.20000000000002,7.6800000000000015,TRUE
Shaw_1996,2,B,M,TRUE,37.67088607594937,22.545454545454543,TRUE
Shaw_1996,3,B,M,TRUE,0.959798994974878,0.7764227642276452,TRUE
Shaw_1996,4,B,M,FALSE,0.3174603174603187,0.3090507726269328,FALSE
Shaw_1996,1,A,M,TRUE,80.8,9.28735632183908,TRUE
Shaw_1996,2,A,M,TRUE,35.3974358974359,20.916666666666668,TRUE
Shaw_1996,3,A,M,TRUE,0.660944206008587,0.6260162601626049,TRUE
Shaw_1996,4,A,M,TRUE,2.666666666666669,0.3628117913832203,TRUE
HAYES_1987,1,A,NA,TRUE,5.240384615384615,2.5172471736667683,TRUE
Merrill_2013,1,A,NA,TRUE,Inf,2.0999364571383676,TRUE
Ippolito_2004,1,A,NA,FALSE,0.32444284226152514,0.074535599249993,FALSE
Ippolito_2004,2,A,NA,TRUE,0.8111071056538126,0.7453559924999298,TRUE
Ippolito_2004,3,A,NA,TRUE,0.5962847939999436,0.43259045634869997,TRUE
Ippolito_2004,4,A,NA,TRUE,2.6454570215170508,2.2573638629997874,TRUE
Ippolito_2004,5,A,NA,TRUE,2.4008770327352864,2.363843290499778,TRUE
David_2002,1,A,NA,TRUE,8.707243696227518,7.783942439096716,TRUE
David_2002,1,B,NA,TRUE,8.384427851752003,7.495357435680022,TRUE
David_2002,1,C,NA,TRUE,8.80737872468308,7.945222621173062,TRUE
David_2002,1,D,NA,TRUE,6.072012312753869,3.7393898061772455,TRUE
David_2002,1,E,NA,TRUE,5.984171266638086,5.349619961295983,TRUE
David_2002,1,F,NA,TRUE,3.1425134247923276,2.750143788736466,TRUE
David_2002,1,G,NA,FALSE,0.21521056298368538,0.20103674395321075,FALSE
David_2002,1,H,NA,FALSE,0.3118357137110458,0.2729003619850277,FALSE
David_2002,1,I,NA,FALSE,0.39967675982683537,0.35729571851591346,FALSE
David_2002,2,A,NA,TRUE,3.169690726303045,2.4400290587718976,TRUE
David_2002,2,B,NA,TRUE,2.2410981311253093,1.9168868285712068,TRUE
David_2002,2,C,NA,TRUE,2.4556227994814988,2.1003770137908533,TRUE
David_2002,2,D,NA,TRUE,0.722248601396485,0.6622789094016744,TRUE
David_2002,2,E,NA,TRUE,0.9630788302799231,0.8237538102413979,TRUE
David_2002,2,F,NA,TRUE,1.6914961334718317,1.229774645621033,TRUE
David_2002,2,G,NA,TRUE,2.1853576789347473,1.5420983651438347,TRUE
David_2002,2,H,NA,TRUE,1.2258552477496547,1.1009411113178775,TRUE
David_2002,2,I,NA,TRUE,1.474637654821597,1.229774645621033,TRUE
David_2002,3,A,NA,TRUE,6.907390030759604,5.981975240485193,TRUE
David_2002,3,B,NA,TRUE,11.137025335938388,6.429964575675711,TRUE
David_2002,3,C,NA,TRUE,5.692099788303088,5.633717734338856,TRUE
David_2002,3,D,NA,TRUE,5.744804415972555,4.975146564005258,TRUE
David_2002,3,E,NA,TRUE,6.329238442281925,5.481281277625196,TRUE
David_2002,3,F,NA,TRUE,6.359667473254431,5.507633591459929,TRUE
David_2002,3,G,NA,TRUE,2.556174441969439,2.2137120032500457,TRUE
David_2002,3,H,NA,TRUE,1.2649110640673529,1.2519372742975237,TRUE
David_2002,3,I,NA,TRUE,1.370320319406299,1.356265380488984,TRUE
David_2002,4,A,NA,TRUE,0.6441768443614214,0.4584076918228579,TRUE
David_2002,4,B,NA,FALSE,0.22356022755312888,0.14708268186829662,FALSE
David_2002,4,C,NA,TRUE,0.8612738766566742,0.5319490327570064,TRUE
David_2002,4,D,NA,TRUE,0.8380454431773037,0.6863858487187182,TRUE
David_2002,4,E,NA,FALSE,0.41079191812887456,0.28681122964317857,FALSE
David_2002,4,F,NA,FALSE,0.46078246901228287,0.2598460713006577,FALSE
David_2002,4,G,NA,FALSE,0.16335585048399684,0.083346853058701445,FALSE
David_2002,4,H,NA,FALSE,0.17895059627309445,0.17087071238409035,FALSE
David_2002,4,I,NA,TRUE,0.45018292397684906,0.44124804560489034,TRUE
David_2002,5,A,NA,TRUE,5.586690532964137,1.6127386415429892,TRUE
David_2002,5,B,NA,TRUE,3.320391543176798,1.0456521552371352,TRUE
David_2002,5,C,NA,TRUE,2.4244128727957572,0.9331569498236164,TRUE
David_2002,5,D,NA,FALSE,0.060858061945018464,0.052704627669472995,FALSE
David_2002,5,E,NA,FALSE,0.47434164902525683,0.27386127875258304,FALSE
David_2002,5,F,NA,TRUE,0.8432740427115678,0.4173124247658408,TRUE
David_2002,5,G,NA,TRUE,Inf,0.21081851067789195,TRUE
David_2002,5,H,NA,FALSE,0.15811388300841897,0.10954451150103323,FALSE
David_2002,5,I,NA,TRUE,Inf,0.21081851067789195,TRUE
Finck_2017,1,A,NA,TRUE,31.779661016949152,5.040322580645161,TRUE
Finck_2017,2,A,NA,TRUE,120.0952380952381,8.880281690140846,TRUE
Shore_1990,1,A,NA,TRUE,3.5165115752029883,3.2728072973570894,TRUE
Shore_1990,2,A,NA,TRUE,7.30677007226099,7.0201176116964925,TRUE
Shore_1990,3,A,NA,TRUE,16.93689126475947,9.109090909090908,TRUE
Shore_1990,4,A,NA,FALSE,0.18764665626020038,0.16222142113076254,FALSE
Plath_2008,1,A,M,TRUE,1.2363634906631025,1.133333576121348,TRUE
Plath_2008,1,A,F,TRUE,1.0566041881525898,0.8000000870404858,TRUE
Plath_2008,2,A,M,TRUE,4.636365158397653,2.0399997098644858,TRUE
Plath_2008,2,A,F,TRUE,8.000000688044503,1.6551724041059057,TRUE
Plath_2008,3,A,NA,TRUE,11.415094339622643,0.6526429341963322,TRUE
Vinsalkova_2007,1,A,NA,TRUE,1.3820723487938071,0.9501747363338131,TRUE
Vinsalkova_2007,2,A,NA,TRUE,8.030709828247579,5.1104532785245045,TRUE
Vinsalkova_2007,3,A,NA,TRUE,7.071067811865473,4.4997718078057485,TRUE
Machado-Schiaffino_2014,1,A,Na,TRUE,28.71039458562243,1.8412645194913477,TRUE
Martin_2007a,1,A,NA,TRUE,149.24026759560545,129.6017263289347,TRUE
Martin_2007a,2,A,NA,TRUE,130.9095763421737,113.01974063742608,TRUE
Martin_2007a,3,A,NA,TRUE,85.71504618194182,74.95318742153712,TRUE
Martin_2007a,4,A,NA,TRUE,85.3781726676502,47.88117407684432,TRUE
Galloway_2001,1,A,NA,TRUE,1.1827967754822637,0.8131727927496599,TRUE
Galloway_2001,2,A,NA,TRUE,6.599663269295555,2.4748737259858333,TRUE
Galloway_2001,3,A,NA,TRUE,1.6970562095110475,1.0799448605979391,TRUE
Galloway_2001,4,A,NA,TRUE,5.727565062845211,3.8183764651419665,TRUE
Galloway_2001,5,A,NA,TRUE,3.9597979419763325,2.8284271325243644,TRUE
Galloway_2001,6,A,NA,TRUE,1.542778516824749,1.542778516824749,TRUE
Galloway_2001,7,A,NA,TRUE,1.9798989923295331,1.5839191938636266,TRUE
Galloway_2001,8,A,NA,TRUE,3.2055499462768298,3.2055499462768298,TRUE
Galloway_2001,9,A,NA,TRUE,1.0960155213087481,0.7971021975237867,TRUE
Galloway_2001,10,A,NA,TRUE,1.206794026626278,1.1313706786459587,TRUE
Galloway_2001,11,A,NA,TRUE,0.6091996903420012,0.4658585850259904,TRUE
Craig_2001b,1,A,NA,TRUE,6.199999999999999,3.6470588235294112,TRUE
Craig_2001b,2,A,NA,TRUE,6.576923076923076,2.9999999999999996,TRUE
Craig_2001b,3,A,NA,TRUE,10.3,2.67037037037037,TRUE
Craig_2001b,4,A,NA,TRUE,10.09090909090909,2.242424242424242,TRUE
Craig_2001b,5,A,NA,FALSE,0.3333333333333329,0.12499999999999983,FALSE
Parsons_1997,1,A,NA,TRUE,0.9643959372630753,0.8282364455613498,TRUE
Parsons_1997,1,B,NA,TRUE,0.9630288336082932,0.7979249985750347,TRUE
Parsons_1997,2,A,NA,TRUE,3.533808834395088,2.4688535993934697,TRUE
Parsons_1997,2,B,NA,TRUE,0.4308286887195002,0.4283597360771246,TRUE
Parsons_1997,3,A,NA,TRUE,0.6786186379800909,0.6627179578843662,TRUE
Parsons_1997,3,B,NA,TRUE,1.2353452720179379,0.9798585680337669,TRUE
Parsons_1997,4,A,NA,TRUE,2.2687826190107603,2.188280455840677,TRUE
Parsons_1997,4,B,NA,TRUE,2.900478497297476,1.3712791755559715,TRUE
Grant_1994,1,A,NA,TRUE,11.378646631428078,7.026448545267634,TRUE
Grant_1994,1,B,NA,TRUE,5.345539402878856,3.4448771825537574,TRUE
Grant_1994,2,A,NA,TRUE,7.437485112238669,0.34270899769448754,TRUE
Grant_1994,2,B,NA,TRUE,7.4973645748765865,0.38069354162355173,TRUE
SCRIBNER_1993,1,A,NA,FALSE,0.3127254490271445,0.303916281448915,FALSE
SCRIBNER_1993,2,A,NA,FALSE,0.19499360562083473,0.14436368696840746,FALSE
SCRIBNER_1993,3,A,M,TRUE,1.0062305898749053,1.0062305898749053,TRUE
SCRIBNER_1993,3,A,F,TRUE,1.1524350345575838,0.9363534655780368,TRUE
SCRIBNER_1993,4,A,M,TRUE,1.1180339887498938,1.0023753002585256,TRUE
SCRIBNER_1993,4,A,F,FALSE,0.48075461516245444,0.41804749144561254,FALSE
SCRIBNER_1993,5,A,M,TRUE,0.6708203932499363,0.6708203932499363,TRUE
SCRIBNER_1993,5,A,F,TRUE,0.7826237921249265,0.7826237921249265,TRUE
SCRIBNER_1993,6,A,M,FALSE,0.9103991051249118,0.5098234988699507,FALSE
SCRIBNER_1993,6,A,F,TRUE,1.4422638454873673,0.8241507688499242,TRUE
SCRIBNER_1993,7,A,M,TRUE,1.844756081437327,1.3728417350231268,TRUE
SCRIBNER_1993,7,A,F,TRUE,1.391069657581449,1.1392380816399796,TRUE
Wilkens_1971,1,A,NA,FALSE,0.5280058581742307,0.38517628432133116,FALSE
Wilkens_1971,2,A,NA,FALSE,0.2920824088686566,0.20417111953994171,FALSE
Wilkens_1971,3,B,NA,TRUE,31.635220125786166,24.18269230769231,TRUE
Noh_2015,1,A,NA,TRUE,18.649789029535867,15.785714285714285,TRUE
Noh_2015,2,A,NA,TRUE,4.838461538461538,2.055555555555556,TRUE
Noh_2015,3,A,NA,TRUE,Inf,7.23691675090863,TRUE
Pritchard_2013,1,A,NA,FALSE,0,0,FALSE
Pritchard_2013,2,A,NA,FALSE,0.5000000000000004,0.33333333333333365,FALSE
Pritchard_2013,3,A,NA,FALSE,0.0714285714285715,0.058823529411764754,FALSE
Pritchard_2013,1,B,NA,TRUE,2.249999999999999,1.7999999999999994,TRUE
Pritchard_2013,2,B,NA,TRUE,2.4999999999999996,1.6666666666666663,TRUE
Pritchard_2013,3,B,NA,TRUE,1.3571428571428574,0.9500000000000002,TRUE
Pritchard_2013,4,A,NA,TRUE,0.9090909090909074,0.8333333333333317,TRUE
Pritchard_2013,4,B,NA,TRUE,1.545454545454547,1.3076923076923088,TRUE
Pritchard_2013,5,A,NA,TRUE,0.285714285714286,0.23529411764705901,TRUE
Pritchard_2013,5,B,NA,TRUE,1.2352941176470582,1.2352941176470582,TRUE
Hendrickx_2008,1,A,F,TRUE,7.0740752831278355,6.821425760842845,TRUE
Hendrickx_2008,2,A,NA,TRUE,5.119047639200682,5.000000000000001,TRUE
Pelabon_2004,1,A,NA,TRUE,2.7646948140736956,2.4191079623144836,TRUE
Pelabon_2004,2,A,NA,TRUE,3.286335345030996,2.6473256946083024,TRUE
Pelabon_2004,3,A,NA,TRUE,2.473050335402115,2.331733173379137,TRUE
Pelabon_2004,4,A,NA,TRUE,2.7773406451272056,2.393008910945112,TRUE
Pelabon_2004,5,A,NA,TRUE,2.7646948140736956,2.1503181887239857,TRUE
Pelabon_2004,6,A,NA,TRUE,0.5933661039639294,0.5274365368568262,TRUE
Pelabon_2004,7,A,NA,TRUE,6.317066829892915,3.715921664642891,TRUE
Pelabon_2004,8,A,NA,TRUE,4.8838594710877326,4.341208418744651,TRUE
Pelabon_2004,9,A,NA,TRUE,4.345265622874317,3.621054685728598,TRUE
Pelabon_2004,10,A,NA,TRUE,4.107919181288746,2.73861278752583,TRUE
Pelabon_2004,11,A,NA,TRUE,5.8707743756294475,3.7740692414760733,TRUE
Svensson_2017,1,A,F,TRUE,Inf,15.75,TRUE
Piche_2008,1,A,NA,TRUE,0.75,0.46875,TRUE
Piche_2008,1,B,NA,FALSE,0.04545454545454529,0.03124999999999989,FALSE
Piche_2008,2,A,NA,TRUE,0.7777777777777779,0.6363636363636365,TRUE
Piche_2008,2,B,NA,FALSE,0.1111111111111117,0.09090909090909138,FALSE
Piche_2008,3,A,NA,FALSE,0.2812888445557537,0.21070640557209555,FALSE
Piche_2008,3,B,NA,TRUE,0.5253887449625594,0.2739183272437242,TRUE
Stacy_2016,1,A,NA,FALSE,1.514492753623189,1.1297297297297302,TRUE
Stacy_2016,2,A,NA,FALSE,0.16091954022988522,0.07070707070707076,FALSE
Stacy_2016,3,A,NA,FALSE,1.0526315789473693,0.786516853932585,TRUE
Stacy_2016,4,A,NA,FALSE,1.1842576028622538,0.8411689961880557,TRUE
Stacy_2016,5,A,NA,FALSE,1.3571428571428574,1.1343283582089554,TRUE
Stacy_2016,6,A,NA,FALSE,6.972602739726026,1.364611260053619,TRUE
Stacy_2016,7,A,NA,TRUE,23.4625,6.298657718120806,TRUE
Stacy_2016,8,A,NA,TRUE,3.587412587412587,2.2401746724890823,TRUE
Stacy_2016,9,A,NA,TRUE,16.77906976744186,5.045454545454545,TRUE
Volis_2016,1,C,NA,TRUE,1.8436152690858176,0.7172415396160227,TRUE
Volis_2016,1,E,NA,FALSE,0.19721489107301007,0.11501629492945857,FALSE
Volis_2016,1,F,NA,TRUE,3.439608472320344,2.212298435283134,TRUE
Volis_2016,1,A,NA,TRUE,1.5479745597661274,1.0326170400908832,TRUE
Volis_2016,1,B,NA,TRUE,3.8429309636465385,2.324465037321881,TRUE
Volis_2016,1,D,NA,TRUE,3.596144955920348,3.260784939208895,TRUE
Volis_2016,2,C,NA,TRUE,10.933504512636851,2.0877251985487546,TRUE
Volis_2016,2,E,NA,FALSE,1.099628432593883,0.4124209856995025,TRUE
Volis_2016,2,F,NA,TRUE,18.00544367185259,2.895952036605283,TRUE
Volis_2016,2,A,NA,TRUE,13.093370529192164,6.666081322650319,TRUE
Volis_2016,2,B,NA,TRUE,5.025111819104982,4.232717882251928,TRUE
Volis_2016,2,D,NA,TRUE,20.56965148097331,8.821037646235583,TRUE
Nygren_2006,1,A,F,FALSE,0.9333335293333668,0.34146342920880496,FALSE
Nygren_2006,1,B,F,FALSE,41.500028175018315,0.6434108618412354,TRUE
Nygren_2006,2,A,F,TRUE,3.451612929916753,2.8157894999999997,TRUE
Nygren_2006,2,C,F,FALSE,1.866666585969867,0.7999999643766428,TRUE
Nygren_2006,2,D,F,FALSE,1.3333333775111111,0.31358590011495663,TRUE
Nygren_2006,2,E,F,TRUE,2.351894167369933,1.9565217361105876,TRUE
Holtmeier_2001,1,A,NA,TRUE,2.7500000000000004,2.7500000000000004,TRUE
Holtmeier_2001,1,B,NA,TRUE,1.7500000000000004,1.7500000000000004,TRUE
Holtmeier_2001,2,A,NA,TRUE,44.500004226250326,5.9333334192,TRUE
Holtmeier_2001,2,B,NA,TRUE,2.384615345828402,2.0666666038,TRUE
Keese_1996,1,A,NA,TRUE,6.985454619684118,4.490649398368362,TRUE
Keese_1996,2,A,NA,TRUE,0.5965587590013046,0.5057275238831301,TRUE
Keese_1996,3,A,NA,TRUE,4.511407611185228,1.5972931444369514,TRUE
Orr_1994,1,A,NA,TRUE,2.60959970213112,2.1897583324540952,TRUE
Orr_1994,2,A,NA,TRUE,4.412518145764068,4.197928746692986,TRUE
Orr_1994,3,A,NA,TRUE,4.751625276503769,3.1191591198994066,TRUE
Ruhsam_2011,1,A,NA,TRUE,6.61396155820233,4.151128329898796,TRUE
Ruhsam_2011,2,A,NA,TRUE,7.383200837111088,4.842323865513793,TRUE
Ruhsam_2011,3,A,NA,TRUE,4.27322336444939,1.7849446093509895,TRUE
Ruhsam_2011,4,A,NA,TRUE,3.1438941341058757,1.9146767495801988,TRUE
Ruhsam_2011,5,A,NA,TRUE,4.881171356997341,3.068156603110221,TRUE
Ruhsam_2011,6,A,NA,TRUE,3.227452759720381,1.9973247877064417,TRUE
Ruhsam_2011,7,A,NA,TRUE,Inf,6.15397155169649,TRUE
Ruhsam_2011,8,A,NA,TRUE,Inf,3.7835976431459932,TRUE
Ruhsam_2011,9,A,NA,TRUE,19.089949635715328,3.3464482414957093,TRUE
Ruhsam_2011,10,A,NA,TRUE,14.267676767676768,6.405895691609977,TRUE
Ruhsam_2011,11,A,NA,TRUE,1.3679092382495948,0.8525252525252525,TRUE
Brothers_2013,1,A,NA,FALSE,1.253453609469376,0.3065994076578895,TRUE
Brothers_2013,2,A,NA,TRUE,8.506213104678249,3.909535175831432,TRUE
Brothers_2013,3,A,NA,TRUE,6.277460977714322,3.4210117733392496,TRUE
Brothers_2013,4,A,NA,TRUE,Inf,3.36666881116219,TRUE
Brothers_2013,5,A,NA,TRUE,19.468268429426093,18.510556589732694,TRUE
Brothers_2013,6,A,NA,TRUE,17.19738352191984,13.705793346849378,TRUE
Brothers_2013,7,A,NA,TRUE,35.80726369514059,34.47258325887098,TRUE
Brothers_2013,8,A,NA,TRUE,10.225288868017486,7.809693373413242,TRUE
Brothers_2013,9,A,NA,TRUE,3.9896249928751764,0.9588859365911616,TRUE
Brothers_2013,10,A,NA,FALSE,2.479446942940524,0.5183509716082029,TRUE
Brothers_2013,11,A,NA,TRUE,19.733032138673046,6.372079073923736,TRUE
Merot_2015,1,A,NA,TRUE,4.638860565730881,3.4428195239604387,TRUE
Merot_2015,2,A,M,TRUE,8.259417551314383,1.2058720282682973,TRUE
Merot_2015,3,A,M,TRUE,1.8467082210434218,0.8892992992240241,TRUE
Merot_2015,4,A,M,FALSE,0.38470186865115524,0.3789919834480626,FALSE
Merot_2015,5,A,F,FALSE,0.010698953932389082,0.009898532102296013,FALSE
Merot_2015,6,A,F,TRUE,1.5641282954163997,1.2276034349580396,TRUE
Merot_2015,7,A,F,TRUE,2.315142191345147,0.8055426352556654,TRUE
Merot_2015,8,A,NA,TRUE,33.578567153522265,1.0787958482551283,TRUE
Merot_2015,9,A,NA,FALSE,1.1541702047518827,0.4200279200970591,TRUE
Merot_2015,10,A,NA,TRUE,5.787630478392439,0.8510872336914947,TRUE
Merot_2015,11,A,NA,FALSE,0.11402654840407053,0.07492454288567152,FALSE
Merot_2015,12,A,NA,TRUE,2.282860926550076,1.3802380044191984,TRUE
Merot_2015,13,A,NA,FALSE,0.7863132519630625,0.33575331309519246,FALSE
Merot_2015,14,A,NA,FALSE,0.8380533271255641,0.38023341169512104,FALSE
Merot_2015,15,A,NA,FALSE,0.3494703888220923,0.2341240263361694,FALSE
Merot_2015,16,A,NA,FALSE,0.0154655781292054,0.008308440872052215,FALSE
Merot_2015,17,A,NA,FALSE,0.2961900018998972,0.2847420646398229,FALSE
Merot_2015,18,A,NA,TRUE,3.6968085279762413,2.336831656574579,TRUE
Merot_2015,19,A,NA,TRUE,1.8018491561934744,1.5205374478655957,TRUE
Merot_2015,20,A,NA,TRUE,2.318136223853038,1.2646813124219272,TRUE
Mirzaie-Nodoushan_1999,1,A,NA,TRUE,18.612556839879993,13.483521175188297,TRUE
Mirzaie-Nodoushan_1999,2,A,NA,TRUE,4.801563079556201,3.438190322737196,TRUE
Lehmann_2016,1,A,F,TRUE,1.900657797893783,0.506842064007817,TRUE
Lehmann_2016,1,A,M,TRUE,1.4563108014292265,0.701186720485183,TRUE
Lehmann_2016,2,A,NA,TRUE,1.0145640826373548,0.6012231295748882,TRUE
Keena_2007,8,A,F,FALSE,0.4286204165281484,0.29113839610891257,FALSE
Laugen_2002,1,A,NA,TRUE,0.9423076923076923,0.9423076923076923,TRUE
Laugen_2002,2,A,NA,TRUE,6.375000915625141,3.1875004578125705,TRUE
Laugen_2002,3,A,NA,TRUE,4.99998183337572,2.999967300313916,TRUE
Wilson_2009,1,A,NA,TRUE,7.288003534124799,5.700625175433579,TRUE
Wilson_2009,2,A,NA,TRUE,3.5552290376262015,2.8709515779948154,TRUE
Wilson_2009,3,A,NA,TRUE,2.5192900260748408,1.1510097251732823,TRUE
Wilson_2009,4,A,NA,TRUE,2.7768857602403334,1.1115588309993933,TRUE
Wilson_2009,5,A,NA,TRUE,4.618289426560658,1.1699632479926667,TRUE
Wilson_2009,6,A,NA,TRUE,5.301535438045125,2.8695097569850168,TRUE
Wilson_2009,7,A,NA,TRUE,3.7849233577276573,3.2049134563801935,TRUE
Wilson_2009,8,A,NA,TRUE,13.540263098891467,6.274779619592512,TRUE
Wilson_2009,9,A,NA,TRUE,14.106910144344603,10.325062050734447,TRUE
Soto_2010,1,A,NA,TRUE,0.42238069575889464,0.4119252535466944,TRUE
Soto_2010,1.5,B,NA,FALSE,0.1950961960406115,0.19098844765662365,FALSE
Soto_2010,2,A,NA,FALSE,0.04897606139440223,0.046707199651484885,FALSE
Soto_2010,2.5,B,NA,TRUE,0.705680526400883,0.6731334817549915,TRUE
Soto_2010,3,A,NA,FALSE,0.011687182239244906,0.009849370823893772,FALSE
Soto_2010,3.5,B,NA,TRUE,1.4753507737385572,0.8575455717290884,TRUE
Soto_2010,4,A,NA,FALSE,0.4803090465126432,0.4250738995950136,FALSE
Soto_2010,4.5,B,NA,TRUE,0.8098790542265893,0.6810465037409925,TRUE
Soto_2010,5,A,NA,FALSE,0.2597151548112967,0.15247753778372794,FALSE
Soto_2010,5.5,B,NA,FALSE,0.4243524478683271,0.3532053973681982,FALSE
Soto_2010,6,A,NA,FALSE,0.4086882515822353,0.39793074519853217,FALSE
Soto_2010,6.5,B,NA,TRUE,1.2632182321020335,1.1425305824340692,TRUE
WHITE_1973,1,A,NA,TRUE,6.321964542989736,3.886136889649367,TRUE
Giesen_2017,1,A,F,TRUE,7.959098225860303,2.084525700666376,TRUE
Keller_2016,1,A,NA,TRUE,2.9998536535207836,2.7019020503029867,TRUE
Vitova_2015,1,A,NA,TRUE,10.374239428970291,5.790787265252684,TRUE
Vitova_2015,2,A,NA,FALSE,0.4019782855877996,0.31677030051222527,FALSE
Sano_2016,1,A,NA,FALSE,0.10052910052910052,0.058244344693111565,FALSE
Sano_2016,2,A,NA,FALSE,0.03165571568323276,0.03114373299321498,FALSE
Sano_2016,3,A,NA,TRUE,4.6284245753373545,3.182041895544431,TRUE
Sano_2016,4,A,NA,TRUE,2.8460498941515415,1.8296035033831337,TRUE
Sano_2016,5,A,NA,TRUE,2.0238577025077626,1.6865480854231358,TRUE
Sano_2016,6,A,NA,TRUE,1.7076299364909246,1.7076299364909246,TRUE
Sano_2016,7,A,NA,TRUE,1.1858541225631432,0.9486832980505144,TRUE
Sano_2016,8,A,NA,TRUE,3.668242085795319,3.056868404829433,TRUE
Kokita_2017,1,A,NA,TRUE,5.570413841896923,4.083276990667146,TRUE
LEGNER_1987,1,A,NA,TRUE,161.9,8.336505388435857,TRUE
Knowlton_2014,1,A,NA,TRUE,2.450000000000003,2.2272727272727297,TRUE
Knowlton_2014,2,A,NA,TRUE,1.7777777777777755,1.5999999999999979,TRUE
Knowlton_2014,3,A,NA,TRUE,12.749999999999998,11.333333333333332,TRUE
Knowlton_2014,4,A,NA,TRUE,3.23076923076923,1.1666666666666665,TRUE
Szucs_2012,1,A,F,TRUE,7.251676787503757,1.1545634923355583,TRUE
Szucs_2012,1,A,M,TRUE,6.6182575956479734,1.6518341821303342,TRUE
Szucs_2012,2,A,NA,TRUE,14.732289620523233,3.8537230430386646,TRUE
FRITZ_1974,1,A,NA,TRUE,5.333333333333333,5.142857142857142,TRUE
FRITZ_1974,2,A,NA,TRUE,5.75,4.211267605633803,TRUE
FRITZ_1974,3,A,NA,TRUE,8.666666666666673,2.5277777777777795,TRUE
FRITZ_1974,4,A,NA,TRUE,3.327272727272724,3.1551724137931005,TRUE
Kronforst_2006,1,A,NA,TRUE,9.044991273697113,8.16329609849287,TRUE
Brodie_1997,1,A,NA,TRUE,15.006984930818094,4.676237738027809,TRUE
Brodie_1997,2,A,NA,TRUE,7.361216176835464,4.529979336632491,TRUE
Brodie_1997,3,A,NA,TRUE,9.340808916191806,2.6588499364838727,TRUE
Concannon_2015,1,A,NA,TRUE,6.307471578694818,5.350551557677374,TRUE
Moccia_2007,1,A,NA,TRUE,5.002009699912461,3.4207281504653175,TRUE
Moccia_2007,2,A,NA,TRUE,0.6744476298085623,0.6173207095678022,TRUE
Moccia_2007,3,A,NA,TRUE,3.88678789431247,3.1965516168236165,TRUE
Moccia_2007,4,A,NA,FALSE,0.15098353187753838,0.1342645476151981,FALSE
Moccia_2007,5,A,NA,TRUE,7.541318925707929,4.341639704781752,TRUE
Moccia_2007,6,A,NA,TRUE,3.244614540664852,2.753292708659705,TRUE
Moccia_2007,7,A,NA,TRUE,7.084195231403922,4.24817718206579,TRUE
Moccia_2007,8,A,NA,TRUE,3.4197801880620378,2.7380510363386126,TRUE
Woods_2009,1,A,NA,TRUE,2.8318536193722843,2.767015274295394,TRUE
Woods_2009,1,B,NA,FALSE,0.22360679774997416,0.13608263849345015,FALSE
Woods_2009,1,C,NA,TRUE,4.323067426532058,2.6925822116820832,TRUE
Woods_2009,2,A,NA,TRUE,7.056419473550375,2.4239740664329847,TRUE
Woods_2009,2,B,NA,FALSE,1.677050752064499,0.38273271957780414,TRUE
Woods_2009,2,C,NA,TRUE,12.29837295200747,8.170590888580396,TRUE
Woods_2009,3,A,NA,TRUE,1.1141722483597145,0.6123725562262705,TRUE
Woods_2009,3,B,NA,TRUE,1.006230589874905,0.5248908141355777,TRUE
Woods_2009,3,C,NA,FALSE,0.16770498278231458,0.15916737006678824,FALSE
Westerbergh_2002,1,A,NA,TRUE,14.287579959213938,2.645848141447597,TRUE
Westerbergh_2002,2,A,NA,TRUE,6.574039867725301,3.652244370387475,TRUE
Westerbergh_2002,3,A,NA,TRUE,8.414770963590605,3.2364503968857026,TRUE
Westerbergh_2002,4,A,NA,TRUE,3.1117121897073554,2.8288292637060533,TRUE
Westerbergh_2002,5,A,NA,TRUE,4.621749273029655,3.6313744303970794,TRUE
Westerbergh_2002,6,A,NA,TRUE,1.0518463771117716,0.8091125981303832,TRUE
ANDERSSON_1991,1,A,NA,TRUE,5.733063291634093,4.855214188079574,TRUE
Zakas_2014,1,A,NA,TRUE,4.418604651162786,3.2947976878612684,TRUE
Zakas_2014,2,A,NA,TRUE,27.598004000000003,5.148881343283582,TRUE
Zakas_2014,3,A,NA,TRUE,Inf,6.524064171122995,TRUE
Auffray_2001,1,A,NA,TRUE,0.5102919066750752,0.4221585268381755,TRUE
Auffray_2001,2,A,NA,FALSE,0.3055050463303896,0.257151425429726,FALSE
Auffray_2001,3,A,NA,TRUE,2.191986497404766,1.3123574298495746,TRUE
Auffray_2001,4,A,NA,TRUE,1.0253461377792032,0.6723816849400542,TRUE
Auffray_2001,5,A,NA,FALSE,0.1993366482555288,0.16245910832216484,FALSE
Auffray_2001,6,A,NA,FALSE,0.3605104389394545,0.3396291366019414,FALSE
Leotard_2008,1,A,NA,TRUE,6.2025316455696204,3.8431372549019605,TRUE
Leotard_2008,2,A,NA,TRUE,5.0067415730337075,4.556237218813905,TRUE
Larcombe_2016,1,A,NA,TRUE,17.27053096086322,5.494989575861628,TRUE
Larcombe_2016,2,A,NA,FALSE,0.9931081038873565,0.43357122658199543,FALSE
Larcombe_2016,3,A,NA,TRUE,17.349581413066883,4.635681595184147,TRUE
Larcombe_2016,4,A,NA,TRUE,3.594245988646328,2.917177116335894,TRUE
Yamashita_2014,2,A,NA,TRUE,4.702500000470249,3.886363637070248,TRUE
Yamashita_2014,3,A,NA,TRUE,Inf,1.5750000001574984,TRUE
Yamashita_2014,4,A,NA,TRUE,41.850000004184984,5.524199998364835,TRUE
Yamashita_2014,6,A,NA,TRUE,2.812499996912501,2.2499999975300007,TRUE
Yamashita_2014,7,A,NA,TRUE,6.0000000096785735,3.359999998916001,TRUE
Yamashita_2014,8,A,NA,FALSE,0.5999999553485498,0.5581394928757408,FALSE
Yamashita_2014,9,A,NA,TRUE,2.084013633553334,1.3265305989819052,TRUE
Yamashita_2014,10,A,NA,TRUE,11.200000069227048,2.66666670512614,TRUE
Yamashita_2014,11,A,NA,TRUE,1.8000000148377608,1.2857142894994293,TRUE
Yamashita_2014,12,A,NA,TRUE,3.352941198650216,2.280000008204688,TRUE
Yamashita_2014,13,A,NA,TRUE,2.812499989984512,2.499999991097344,TRUE
Yamashita_2014,14,A,NA,TRUE,2.3333333261963953,1.2068965524879018,TRUE
Selz_2014b,1,A,NA,TRUE,1.3276334728563857,0.9258012588419837,TRUE
Selz_2014b,2,A,NA,TRUE,1.0757933139525928,0.9009019428013509,TRUE
Selz_2014b,1,B,NA,TRUE,1.2952478419147027,1.077055023322893,TRUE
Selz_2014b,1,C,NA,TRUE,2.0338263767559512,1.6514478359953826,TRUE
Selz_2014b,2,B,NA,TRUE,1.3278324642451325,1.1966100148162169,TRUE
Selz_2014b,2,C,NA,FALSE,0.5940595703937331,0.2973738240678034,FALSE
Selz_2014b,1,D,NA,FALSE,0.43867503869715124,0.2961958171380193,FALSE
Selz_2014b,2,D,NA,TRUE,1.7319619138486602,0.9620590463801739,TRUE
Selz_2014a,2,A,NA,FALSE,0.10920563813884188,0.07442391652148184,FALSE
Selz_2014a,3,A,NA,TRUE,3.328175603990619,2.290813135919275,TRUE
Selz_2014a,2,B,NA,TRUE,2.47129594812387,1.9304324213146997,TRUE
Selz_2014a,3,B,NA,TRUE,1.895372570552205,1.3693305938983735,TRUE
Selz_2014a,4,A,NA,TRUE,15.937649754238702,8.493763517257179,TRUE
Selz_2014a,5,A,NA,FALSE,0.20737042366135022,0.10148893232994091,FALSE
Selz_2014a,4,B,NA,TRUE,6.419779769504388,3.252813347491533,TRUE
Selz_2014a,5,B,NA,FALSE,0.2906435910412567,0.18818031748604813,FALSE
Ahn_1999,1,A,NA,TRUE,2.6086956521739135,1.7142857142857146,TRUE
Ahn_1999,2,A,NA,TRUE,2.8571428571428563,2.285714285714285,TRUE
Ahn_1999,3,A,NA,TRUE,0.7692307692307665,0.5714285714285694,TRUE
Ahn_1999,4,A,NA,TRUE,0.8510638297872348,0.7407407407407414,TRUE
Ahn_1999,5,A,NA,TRUE,0.2702702702702693,0.26315789473684115,TRUE
Ahn_1999,6,A,NA,TRUE,0.1960784313725518,0.18867924528302155,TRUE
Ahn_1999,7,A,NA,TRUE,0.21276595744681154,0.1960784313725518,TRUE
Ahn_1999,8,A,NA,TRUE,1.296296296296295,1.093749999999999,TRUE
Ahn_1999,9,A,NA,TRUE,1.8518518518518516,1.7543859649122808,TRUE
Ahn_1999,10,A,NA,TRUE,0.6122448979591851,0.49180327868852575,TRUE
Ahn_1999,11,A,NA,TRUE,1.6326530612244914,1.0958904109589052,TRUE
Ahn_1999,12,A,NA,TRUE,0.6382978723404196,0.5357142857142806,TRUE
ARNOLD_1981,1,A,NA,TRUE,1.2995689655172418,1.2995689655172418,TRUE
ARNOLD_1981,1,B,NA,TRUE,0.986046511627907,0.913793103448276,TRUE
Konuma_2013,1,A,NA,TRUE,9.420943317850533,7.782505615173445,TRUE
Konuma_2013,2,A,NA,TRUE,7.541667327914581,7.240002764623519,TRUE
Konuma_2013,3,A,NA,TRUE,1.7454541745454175,1.4999994843750164,TRUE
Konuma_2013,4,A,NA,TRUE,2.4318208784089563,2.276598421729335,TRUE
Konuma_2013,5,A,NA,TRUE,2.424997869625203,1.7636350908428968,TRUE
Konuma_2013,6,A,NA,TRUE,1.851851904252403,1.3888886825617552,TRUE
Konuma_2013,7,A,NA,TRUE,3.611111683950668,3.0952385862434295,TRUE
Caillaud_2012,1,A,NA,TRUE,2.8666677053335,2.3888895912037684,TRUE
Caillaud_2012,5,A,NA,FALSE,0.9999999199999968,0.9259258148148148,FALSE
Caillaud_2012,2,A,NA,TRUE,1.575756653443761,1.3333330153845862,TRUE
Caillaud_2012,6,A,NA,TRUE,1.8205128205128205,1.6904761904761905,TRUE
Caillaud_2012,3,A,NA,TRUE,1.028985197227689,0.9861112534721869,TRUE
Caillaud_2012,7,A,NA,TRUE,1.4444423148183634,0.942029166666666,TRUE
Caillaud_2012,4,A,NA,TRUE,2.444444895833418,1.955554963333511,TRUE
Caillaud_2012,8,A,NA,TRUE,1.9555562666666666,1.3968259047619047,TRUE
Schluter_2004,1,A,NA,TRUE,11.492232985306726,10.759344493977872,TRUE
Schluter_2004,1,C,NA,FALSE,0,0,FALSE
Schluter_2004,1,B,NA,TRUE,16.937497148125484,13.14543173962001,TRUE
Schluter_2004,2,A,NA,TRUE,7.416499287493991,4.629019926714009,TRUE
Schluter_2004,2,B,NA,TRUE,7.650000215000006,5.301135736257601,TRUE
Bowles_2016,1,A,M,TRUE,1.4749999974299985,1.4305394960806526,TRUE
Bowles_2016,1,A,F,TRUE,1.3363062340928857,1.2786588005850106,TRUE
Sasabe_2007,1,A,M,TRUE,16.47058727861597,8.749999740800005,TRUE
Sasabe_2007,2,A,M,TRUE,20.79873809896206,7.623530157973775,TRUE
Sasabe_2007,3,A,F,TRUE,5.083333314708333,4.5750000854887505,TRUE
Sasabe_2007,4,A,F,TRUE,1.0588235084892132,0.765957474181157,TRUE
MCPHAIL_1992,1,A,Both,TRUE,3.7826086956521743,3.2830188679245285,TRUE
MCPHAIL_1992,2,A,Both,TRUE,1.0588235294117683,0.7912087912087938,TRUE
MCPHAIL_1992,3,A,Both,FALSE,0.1621621621621635,0.120000000000001,FALSE
MCPHAIL_1992,4,A,Both,FALSE,0.13793103448275876,0.12903225806451624,FALSE
MCPHAIL_1992,5,A,Both,TRUE,1.2647058823529402,0.914893617021276,TRUE
MCPHAIL_1992,6,A,Both,TRUE,3.812499999999999,2.9756097560975605,TRUE
MCPHAIL_1992,7,A,Both,TRUE,3,2.0869565217391304,TRUE
MCPHAIL_1992,8,A,Both,TRUE,Inf,6.476190476190476,TRUE
MCPHAIL_1992,9,A,Both,TRUE,4.933333333333334,4.352941176470588,TRUE
MCPHAIL_1992,10,A,Both,TRUE,12.142857142857142,10,TRUE
MCPHAIL_1992,11,A,Both,TRUE,1.5797101449275361,1.4342105263157894,TRUE
MCPHAIL_1992,12,A,Both,TRUE,3.032258064516129,2.685714285714286,TRUE
MCPHAIL_1992,13,A,Both,TRUE,3.7857142857142865,3.758865248226951,TRUE
Forister_2005,1,A,NA,TRUE,3.518979581486334,2.3962399568479733,TRUE
Ferris_2017,1,A,NA,TRUE,2.651331719128329,2.5347222222222223,TRUE
Ferris_2017,2,A,NA,TRUE,1.5587529976019185,1.1304347826086956,TRUE
Ferris_2017,3,A,NA,TRUE,1.3525641025641022,0.9336283185840706,TRUE
Ferris_2017,4,A,NA,TRUE,10.309278350515465,3.2110091743119265,TRUE
Ferris_2017,5,A,NA,TRUE,8.844282238442823,4.630573248407644,TRUE
Bertel_2016,1,A,NA,TRUE,5.698682144906474,4.468204104565225,TRUE
Bertel_2016,2,A,NA,FALSE,0.5269184926286044,0.35071995473321216,FALSE
Yukilevich_2016,1,A,M,TRUE,104.45628186748169,72.22796030243205,TRUE
Yukilevich_2016,2,A,M,TRUE,15.617241508447368,5.978444786951186,TRUE
Yoshizawa_2012,1,A,NA,TRUE,2.654667738644398,1.858267423555014,TRUE
Yoshizawa_2012,2,A,NA,TRUE,6.194224794698942,4.6456685874297206,TRUE
Yoshizawa_2012,3,A,NA,TRUE,2.4907994156454247,1.5850541665078313,TRUE
Yoshizawa_2012,1,B,NA,TRUE,2.180166233550568,1.1184017140360059,TRUE
Yoshizawa_2012,2,B,NA,TRUE,5.123618077988507,2.4969425823162132,TRUE
Yoshizawa_2012,3,B,NA,TRUE,2.9441561642876497,1.6476220901932244,TRUE
Dalziel_2012,1,A,NA,TRUE,3.8460369478343117,3.482672668184192,TRUE
Dalziel_2012,1,B,NA,TRUE,5.416253501275033,5.416253501275033,TRUE
Dalziel_2012,2,A,NA,TRUE,2.979249389161841,1.5770163593772084,TRUE
Dalziel_2012,2,B,NA,TRUE,5.947940798991764,1.4161763941457692,TRUE
Dalziel_2012,3,A,NA,TRUE,3.041777682905596,2.63959779336546,TRUE
Dalziel_2012,4,A,NA,FALSE,1.2179874410925842,0.5964758381638937,TRUE
Dalziel_2012,3,B,NA,TRUE,4.933071260516142,4.64742590459534,TRUE
Dalziel_2012,4,B,NA,TRUE,1.852506632939582,1.4408569220781695,TRUE
Dalziel_2012,5,A,NA,TRUE,3.7347397075346835,2.565711058331769,TRUE
Dalziel_2012,6,A,NA,FALSE,1.129994895750391,0.8748755661462959,TRUE
Dalziel_2012,7,B,NA,TRUE,7.322961948301323,5.031084485634744,TRUE
Dalziel_2012,8,B,NA,TRUE,2.60713949958093,2.3180157096934355,TRUE
Leinonen_2011,1,A,NA,TRUE,1.879227036098265,1.1673033058868283,TRUE
Leinonen_2011,2,A,NA,TRUE,5.3131301408120715,2.4839511332193074,TRUE
Leinonen_2011,3,A,NA,TRUE,4.848910497634879,2.542859886311355,TRUE
Fishman_2002,1,A,NA,TRUE,1.0883942284479498,0.9561087312945309,TRUE
Fishman_2002,2,A,NA,FALSE,0.0232079123459108,0.01653478515120686,FALSE
Fishman_2002,3,A,NA,TRUE,6.37129718621346,5.177734656219143,TRUE
Fishman_2002,4,A,NA,TRUE,9.621686768671314,9.471729226175047,TRUE
Fishman_2002,5,A,NA,TRUE,10.852843557856414,8.741207439832156,TRUE
Fishman_2002,6,A,NA,TRUE,8.782744328405805,7.13743502411085,TRUE
Fishman_2002,7,A,NA,TRUE,5.6986303518124375,5.145645995224425,TRUE
Fishman_2002,8,A,NA,TRUE,4.9920788318925595,3.0714221495291976,TRUE
Fishman_2002,9,A,NA,TRUE,9.36507521723244,8.511939548072569,TRUE
Fishman_2002,10,A,NA,TRUE,4.095238095238095,2.2984466804468493,TRUE
Fishman_2004,1,A,NA,TRUE,6.142857177295919,3.7941176826773364,TRUE
Fishman_2004,2,A,NA,TRUE,13.16504854368932,4.4605263157894735,TRUE
Fishman_2004,3,A,NA,TRUE,6.846153846153845,3.4230769230769225,TRUE
Lair_1997,1,A,NA,TRUE,1.9289893645124137,1.9289893645124137,TRUE
Lair_1997,1,B,NA,TRUE,8.119788906337401,4.032646815999694,TRUE
Lair_1997,1,C,NA,TRUE,3.573088806964132,2.158437331133302,TRUE
Lair_1997,1,D,NA,TRUE,0.3200589706443836,0.3178964121890757,TRUE
Lair_1997,1,E,NA,TRUE,0.577390390971377,0.4521363895157661,TRUE
Lair_1997,1,F,NA,TRUE,1.9515770719597476,1.2419126742632025,TRUE
Lair_1997,1,G,NA,TRUE,5.692099829570807,5.692099829570807,TRUE
MACNAIR_1989,1,A,NA,TRUE,1.797505196306236,1.3850707753149578,TRUE
MACNAIR_1989,2,A,NA,TRUE,7.420811575861797,3.8419614886593014,TRUE
MACNAIR_1989,3,A,NA,TRUE,6.78225340272955,3.8891737532530266,TRUE
MACNAIR_1989,4,A,NA,TRUE,0.8361791889868316,0.3973859814414332,TRUE
MACNAIR_1989,5,A,NA,TRUE,1.6689798761999781,1.0829771494232185,TRUE
MACNAIR_1989,6,A,NA,TRUE,9.667534561086187,4.06591421011524,TRUE
MACNAIR_1989,7,A,NA,TRUE,3.1359253463336425,3.0522855974533334,TRUE
MACNAIR_1989,8,A,NA,TRUE,9.76792432807566,3.8893906619955394,TRUE
MACNAIR_1989,9,A,NA,TRUE,6.374750203831494,4.2032016359617606,TRUE
MACNAIR_1989,10,A,NA,TRUE,9.315899052928469,4.659651682386743,TRUE
MACNAIR_1989,11,A,NA,TRUE,6.126912966576233,3.9756661143299716,TRUE
MACNAIR_1989,12,A,NA,TRUE,5.35651113865256,3.7024436183942515,TRUE
MACNAIR_1989,13,A,NA,TRUE,1.866515106733531,1.4605103600271014,TRUE
MACNAIR_1989,14,A,NA,TRUE,19.721731644060856,3.3619629616349687,TRUE
MACNAIR_1989,15,A,NA,TRUE,1.919954293673658,0.7070931885992277,TRUE
MACNAIR_1989,16,A,NA,TRUE,2.1608897344483924,0.9144589659889417,TRUE
MACNAIR_1989,17,A,NA,TRUE,1.9007760598855754,1.1854568524092712,TRUE
MACNAIR_1989,18,A,NA,TRUE,2.5739469326951925,0.7481092150620916,TRUE
MACNAIR_1989,19,A,NA,TRUE,3.014316290062504,2.307126924481896,TRUE
MACNAIR_1989,20,A,NA,FALSE,0.635938831748215,0.5223742455561021,FALSE
MACNAIR_1989,21,A,NA,TRUE,1.1990639502016878,0.9206323785192181,TRUE
MACNAIR_1989,22,A,NA,TRUE,5.58575995596967,1.8545751046796781,TRUE
MACNAIR_1989,23,A,NA,TRUE,0.8130537781070744,0.6267343178393532,TRUE
Emms_2000,1,A,NA,TRUE,3.799383600525833,3.608353140164199,TRUE
Emms_2000,2,A,NA,TRUE,11.648117113948246,10.036896035368375,TRUE
Emms_2000,3,A,NA,TRUE,14.350295079131001,12.530300960393037,TRUE
Emms_2000,4,A,NA,TRUE,10.885221818830678,9.807856784068042,TRUE
Emms_2000,5,A,NA,TRUE,13.310488855538221,7.051555253054498,TRUE
Emms_2000,6,A,NA,TRUE,1.5225781326736605,1.0026734044436303,TRUE
Emms_2000,7,A,NA,TRUE,1.468053162827861,0.5648215367893228,TRUE
Emms_2000,8,A,NA,FALSE,0.19187497741901488,0.17582756746152156,FALSE
ANDERSSON_1995,1,A,NA,TRUE,7.323539467741936,4.270151539184953,TRUE
ANDERSSON_1995,1,B,NA,TRUE,11.014506134408602,10.346960308080808,TRUE
ANDERSSON_1995,1,C,NA,TRUE,3.4672717171717156,2.152099686520375,TRUE
Vereecken_2010,1,A,NA,TRUE,34.36123858823091,33.58709453313158,TRUE
Vereecken_2010,2,A,NA,TRUE,0.9691693626039984,0.8248413371995428,TRUE
Punzalan_2017,1,A,F,TRUE,5.715718913723629,3.754822685328993,TRUE
Punzalan_2017,1,A,M,TRUE,6.586689231478367,4.841382902621605,TRUE
Punzalan_2017,2,A,F,TRUE,8.020506840621072,6.10454572004479,TRUE
Punzalan_2017,2,A,M,TRUE,3.3223365973668892,2.3718300961112373,TRUE
Favre_2011,1,A,NA,TRUE,3.1333333232208016,1.9583333362959894,TRUE
Favre_2011,2,A,NA,FALSE,0.4999999895772232,0.46153845265751553,FALSE
Favre_2011,3,A,NA,TRUE,1.9074097853109764,1.1075271155514963,TRUE
ROSS_1981,1,A,NA,TRUE,4.769392033542974,4.005281690140843,TRUE
ROSS_1981,1,B,NA,TRUE,2.200704225352113,2.0226537216828477,TRUE
ROSS_1981,1,C,NA,TRUE,20.47146401985112,7.262323943661973,TRUE
ROSS_1981,2,A,NA,TRUE,9.145728643216081,7.844827586206899,TRUE
ROSS_1981,2,D,NA,TRUE,3.6206896551724164,2.5301204819277126,TRUE
ROSS_1981,4,A,NA,TRUE,6.043478260869563,5.801335559265441,TRUE
ROSS_1981,5,A,NA,TRUE,5.082742316784869,4.497907949790793,TRUE
ROSS_1981,5,B,NA,TRUE,29.905437352245873,15.76323987538941,TRUE
ROSS_1981,5,D,NA,TRUE,4.266666666666663,3.782505910165482,TRUE
ROSS_1981,6,A,NA,TRUE,5.348837209302327,3.5168195718654447,TRUE
ROSS_1981,6,B,NA,TRUE,11.824324324324326,5.351681957186545,TRUE
ROSS_1981,6,C,NA,TRUE,3.440860215053763,2.446483180428135,TRUE
ROSS_1981,6,D,NA,TRUE,2.7083333333333326,1.987767584097859,TRUE
ROSS_1981,7,A,NA,TRUE,10.018416206261511,4.692891649413388,TRUE
ROSS_1981,7,D,NA,TRUE,8.471454880294658,5.616605616605616,TRUE
ROSS_1981,8,A,NA,TRUE,5.967741935483871,3.737373737373737,TRUE
ROSS_1981,8,B,NA,TRUE,8.839985080193955,3.82258064516129,TRUE
ROSS_1981,8,C,NA,FALSE,0.10991207034372402,0.08870967741935402,FALSE
ROSS_1981,8,D,NA,TRUE,12.09677419354839,6.082725060827251,TRUE
ROSS_1981,9,A,NA,TRUE,12.500000000000002,11.666666666666668,TRUE
ROSS_1981,9,D,NA,TRUE,35.714285714285715,6.4935064935064934,TRUE
ROSS_1981,10,B,NA,TRUE,4.499999999999999,2.542372881355932,TRUE
ROSS_1981,10,D,NA,TRUE,4.697986577181208,2.6365348399246704,TRUE
ROSS_1981,11,B,NA,TRUE,4.545454545454547,2.3809523809523814,TRUE
ROSS_1981,11,C,NA,TRUE,2.485380116959066,1.8398268398268414,TRUE
ROSS_1981,11,D,NA,TRUE,3.463203463203463,3.440860215053763,TRUE
ROSS_1981,12,C,NA,TRUE,2.4154589371980655,1.3020833333333321,TRUE
ROSS_1981,13,D,NA,TRUE,4.270375793069793,2.7006172839506193,TRUE
Smith_2002,1,A,M,FALSE,0.3861378038093977,0.26165103595529676,FALSE
Smith_2002,2,A,M,FALSE,0.49526803234395456,0.23694819779213042,FALSE
Kohn_2001,1,A,NA,TRUE,1.6981132075471703,1.3432835820895528,TRUE
Kohn_2001,1,B,NA,TRUE,1.8526315789473702,1.3134328358208966,TRUE
Kohn_2001,2,A,NA,FALSE,0.2777777777777778,0.13513513513513511,FALSE
Kohn_2001,2,B,NA,TRUE,1.305194805194804,1.0864864864864854,TRUE
Kohn_2001,3,A,NA,TRUE,2.089743589743593,1.3360655737704938,TRUE
Kohn_2001,3,B,NA,TRUE,1.434782608695654,1.3524590163934445,TRUE
Kohn_2001,4,A,NA,TRUE,1.3958333333333333,0.7052631578947368,TRUE
Kohn_2001,4,B,NA,TRUE,1.2156862745098036,0.9789473684210523,TRUE
Kohn_2001,5,A,NA,FALSE,0.4848484848484853,0.42857142857142894,FALSE
Kohn_2001,5,B,NA,FALSE,0.27678571428571314,0.24999999999999897,FALSE
Kohn_2001,6,A,NA,TRUE,0.7024793388429764,0.5629139072847692,TRUE
Kohn_2001,6,B,NA,TRUE,1.8235294117647054,1.2317880794701983,TRUE
Kohn_2001,7,A,NA,FALSE,0.6562499999999999,0.4772727272727272,FALSE
Kohn_2001,7,B,NA,TRUE,1.8918918918918923,1.0937500000000002,TRUE
Kohn_2001,8,A,NA,TRUE,0.857142857142857,0.7924528301886791,TRUE
Kohn_2001,8,B,NA,TRUE,0.9999999999999988,0.8548387096774184,TRUE
Kohn_2001,9,A,NA,FALSE,0.33333333333333515,0.2631578947368435,FALSE
Kohn_2001,9,B,NA,TRUE,0.9473684210526301,0.7826086956521726,TRUE
Kohn_2001,10,A,NA,FALSE,0.433333333333333,0.34210526315789447,FALSE
Kohn_2001,10,B,NA,TRUE,1.1000000000000003,1.0645161290322582,TRUE
Kohn_2001,11,A,NA,FALSE,0.8104265402843607,0.6380597014925375,FALSE
Kohn_2001,11,B,NA,TRUE,2.194312796208532,1.9786324786324798,TRUE
Kohn_2001,12,A,NA,FALSE,0.18518518518518343,0.15151515151515008,FALSE
Kohn_2001,12,B,NA,TRUE,0.7848101265822774,0.7654320987654311,TRUE
Kohn_2001,40,A,NA,FALSE,0.90909090909091,0.6153846153846159,FALSE
Kohn_2001,40,B,NA,TRUE,1.15,1.0454545454545454,TRUE
Kohn_2001,41,A,NA,TRUE,0.8571428571428559,0.4615384615384608,TRUE
Kohn_2001,41,B,NA,TRUE,1.454545454545453,1.2307692307692295,TRUE
Kohn_2001,42,A,NA,FALSE,0.7666666666666666,0.41071428571428564,FALSE
Kohn_2001,42,B,NA,FALSE,0.33333333333333215,0.23255813953488289,FALSE
Kohn_2001,13,A,NA,FALSE,0.7378640776699044,0.5016501650165027,FALSE
Kohn_2001,13,B,NA,TRUE,1.3106796116504869,1.153846153846155,TRUE
Kohn_2001,14,A,NA,FALSE,0.5193133047210304,0.4290780141843975,FALSE
Kohn_2001,14,B,NA,TRUE,1.896995708154507,1.6554307116104876,TRUE
Kohn_2001,34,A,NA,FALSE,0.32876712328767155,0.2758620689655175,FALSE
Kohn_2001,34,B,NA,TRUE,1.375000000000001,1.2054794520547956,TRUE
Kohn_2001,15,A,NA,FALSE,0.5874125874125873,0.531645569620253,FALSE
Kohn_2001,15,B,NA,TRUE,1.5913043478260886,1.2797202797202811,TRUE
Kohn_2001,16,A,NA,FALSE,0.19047619047619066,0.06722689075630259,FALSE
Kohn_2001,16,B,NA,FALSE,0.09411764705882361,0.06722689075630259,FALSE
Kohn_2001,17,A,NA,FALSE,0.08421052631578956,0.07407407407407414,FALSE
Kohn_2001,17,B,NA,TRUE,1.7972972972972974,1.2314814814814814,TRUE
Kohn_2001,18,A,NA,TRUE,0.9259259259259258,0.8547008547008548,TRUE
Kohn_2001,18,B,NA,FALSE,0.4111111111111102,0.34259259259259184,FALSE
Kohn_2001,19,A,NA,FALSE,0.6764705882352936,0.5476190476190472,FALSE
Kohn_2001,19,B,NA,TRUE,0.7368421052631585,0.5490196078431377,TRUE
Kohn_2001,20,A,NA,FALSE,0.3423423423423414,0.3193277310924362,FALSE
Kohn_2001,20,B,NA,TRUE,0.8828828828828832,0.5868263473053895,TRUE
Kohn_2001,21,A,NA,FALSE,0.41025641025641063,0.3870967741935487,FALSE
Kohn_2001,21,B,NA,TRUE,1.3404255319148917,1.0769230769230753,TRUE
Kohn_2001,22,A,NA,TRUE,0.828124999999999,0.803030303030302,TRUE
Kohn_2001,22,B,NA,TRUE,0.863636363636364,0.7702702702702706,TRUE
Kohn_2001,23,A,NA,FALSE,0,0,FALSE
Kohn_2001,23,B,NA,TRUE,1.1470588235294108,0.9873417721518979,TRUE
Kohn_2001,24,A,NA,TRUE,0.8222222222222224,0.8043478260869568,TRUE
Kohn_2001,24,B,NA,TRUE,2.0000000000000004,1.466666666666667,TRUE
Kohn_2001,25,A,NA,TRUE,0.7272727272727278,0.5853658536585371,TRUE
Kohn_2001,25,B,NA,TRUE,1.0487804878048774,0.9772727272727266,TRUE
Kohn_2001,26,A,NA,FALSE,0.4299999999999997,0.40952380952380923,FALSE
Kohn_2001,26,B,NA,FALSE,0.8761904761904761,0.5054945054945055,FALSE
Kohn_2001,27,A,NA,FALSE,0.6782608695652154,0.6190476190476172,FALSE
Kohn_2001,27,B,NA,FALSE,0.3492063492063474,0.2993197278911549,FALSE
Kohn_2001,28,A,NA,FALSE,0.014925373134328039,0.013888888888888593,FALSE
Kohn_2001,28,B,NA,FALSE,0.7014925373134338,0.4747474747474754,FALSE
Kohn_2001,29,A,NA,FALSE,0.6153846153846159,0.545454545454546,FALSE
Kohn_2001,29,B,NA,TRUE,1.0000000000000013,0.8863636363636377,TRUE
Kohn_2001,30,A,NA,FALSE,0.7407407407407414,0.40816326530612285,FALSE
Kohn_2001,30,B,NA,TRUE,0.6250000000000006,0.40816326530612285,TRUE
Kohn_2001,31,A,NA,FALSE,0.3360323886639669,0.31679389312977035,FALSE
Kohn_2001,31,B,NA,TRUE,1.635627530364372,1.4326241134751772,TRUE
Kohn_2001,32,A,NA,FALSE,0.39130434782608636,0.2673267326732669,FALSE
Kohn_2001,32,B,NA,FALSE,0.2833333333333332,0.24637681159420283,FALSE
Kohn_2001,43,A,NA,FALSE,0.7096774193548407,0.5500000000000016,FALSE
Kohn_2001,43,B,NA,TRUE,1.0645161290322582,1.0000000000000002,TRUE
Kohn_2001,44,A,NA,FALSE,0.48148148148148107,0.433333333333333,FALSE
Kohn_2001,44,B,NA,TRUE,1.200000000000001,1.1612903225806461,TRUE
Kohn_2001,45,A,NA,FALSE,0.037037037037036244,0.028571428571427963,FALSE
Kohn_2001,45,B,NA,FALSE,0.35714285714285743,0.285714285714286,FALSE
Kohn_2001,33,A,NA,FALSE,0.4169884169884164,0.3898916967509019,FALSE
Kohn_2001,33,B,NA,TRUE,1.5018050541516232,1.4006734006733994,TRUE
Kohn_2001,46,A,NA,FALSE,0.3260869565217399,0.3260869565217399,FALSE
Kohn_2001,46,B,NA,TRUE,0.9250000000000025,0.8043478260869587,TRUE
Kohn_2001,47,A,NA,FALSE,0.1627906976744172,0.15217391304347694,FALSE
Kohn_2001,47,B,NA,TRUE,1.0606060606060594,0.8139534883720922,TRUE
Kohn_2001,48,A,NA,FALSE,0.433333333333333,0.1969696969696968,FALSE
Kohn_2001,48,B,NA,TRUE,0.9666666666666668,0.6590909090909092,TRUE
Kohn_2001,49,A,NA,FALSE,1.8205128205128203,0.5772357723577236,TRUE
Kohn_2001,49,B,NA,TRUE,0.7435897435897414,0.5686274509803905,TRUE
Kohn_2001,50,A,NA,FALSE,0.032258064516128344,0.028571428571427963,FALSE
Kohn_2001,50,B,NA,TRUE,0.7142857142857149,0.571428571428572,TRUE
Kohn_2001,35,A,NA,TRUE,0.7391304347826122,0.5573770491803306,TRUE
Kohn_2001,35,B,NA,TRUE,0.8333333333333359,0.7786885245901662,TRUE
Kohn_2001,36,A,NA,FALSE,0.1403508771929826,0.11267605633802827,FALSE
Kohn_2001,36,B,NA,FALSE,0.2807017543859652,0.2539682539682542,FALSE
Kohn_2001,37,A,NA,FALSE,0.1451612903225804,0.12328767123287653,FALSE
Kohn_2001,37,B,NA,TRUE,1.0172413793103448,0.9516129032258063,TRUE
Kohn_2001,38,A,NA,FALSE,0.42857142857143216,0.42857142857143216,FALSE
Kohn_2001,38,B,NA,FALSE,0.45238095238095544,0.30645161290322787,FALSE
Kohn_2001,39,A,NA,FALSE,0.12500000000000105,0.10344827586206982,FALSE
Kohn_2001,39,B,NA,FALSE,0.019999999999999574,0.01724137931034446,FALSE
Hall_2006,1,A,NA,TRUE,6.126086956521738,4.2696969696969695,TRUE
Hall_2006,2,A,NA,TRUE,7.282608695652173,5.075757575757575,TRUE
Hall_2006,3,A,NA,TRUE,6.692307692307692,5.117647058823528,TRUE
Hall_2006,4,A,NA,TRUE,7.025000000000001,5.620000000000001,TRUE
Hall_2006,5,A,NA,TRUE,8.192307692307692,6.264705882352939,TRUE
Hall_2006,6,A,NA,TRUE,2.6867469879518073,2.298969072164949,TRUE
Hall_2006,7,A,NA,TRUE,15.55,4.038961038961039,TRUE
Hall_2006,8,A,NA,TRUE,3.2236842105263155,2.4499999999999997,TRUE
Hall_2006,9,A,NA,TRUE,2.363636363636364,1.9696969696969697,TRUE
Hall_2006,10,A,NA,TRUE,2.584615384615384,1.7454545454545451,TRUE
Hall_2006,11,A,NA,TRUE,3.3674999999999997,2.283050847457627,TRUE
Hall_2006,12,A,NA,TRUE,0.3538461538461538,0.26436781609195403,TRUE
Hall_2006,15,A,NA,TRUE,22.35294117647059,1.4615384615384615,TRUE
PASDAR_1984,1,A,NA,TRUE,2.4883175315724952,1.6373477939879488,TRUE
PASDAR_1984,2,A,NA,TRUE,6.084371441497917,2.8331035163155494,TRUE
PASDAR_1984,3,A,NA,TRUE,3.195638418572316,1.7646994076608404,TRUE
PASDAR_1984,4,A,NA,TRUE,2.0409965810801918,1.572566814911957,TRUE
PASDAR_1984,5,A,NA,FALSE,0.7962634489303464,0.4328622365782314,FALSE
PASDAR_1984,6,A,NA,FALSE,0.46241780291148227,0.4102498632903414,FALSE
PASDAR_1984,7,A,NA,FALSE,0.05951773659520893,0.05610545167252906,FALSE
PASDAR_1984,8,A,NA,TRUE,1.160595863606574,0.6044350205958028,TRUE
Comes_1996,1,B,NA,TRUE,15.063291139240508,3.238095238095239,TRUE
Tieleman_2009,1,A,NA,TRUE,2.0138888888888893,1.5760869565217392,TRUE
Tieleman_2009,1,B,NA,FALSE,0.6521739130434776,0.5381165919282506,FALSE
RHYMER_1992,1,A,M,FALSE,0.16666666666666904,0.16666666666666904,FALSE
RHYMER_1992,1,A,F,FALSE,0.25000000000000355,0.20000000000000284,FALSE
Katoh_1996,1,A,NA,TRUE,4.13564081628119,4.0399701824458285,TRUE
Monti_1997,1,A,F,TRUE,152.4778934422968,146.99113178079685,TRUE
Monti_1997,2,A,F,TRUE,4.003954522985663,3.9375607648266158,TRUE
Liu_2013,1,A,NA,FALSE,0.5416666809434026,0.44827587357263754,FALSE
Liu_2013,2,A,NA,TRUE,5.878787875196439,4.041666666763668,TRUE
Liu_2013,3,A,NA,TRUE,8.384615380070244,4.113207549525712,TRUE
Liu_2013,4,A,NA,TRUE,8.00000002825,3.4285714303010204,TRUE
Kimball_2009,1,A,NA,TRUE,1.7564102565260837,1.719499716731228,TRUE
Kimball_2009,2,A,NA,FALSE,0.27387128258585874,0.2500000009320166,FALSE
Kimball_2009,3,A,NA,TRUE,1.3327168912037484,1.3066036601851747,TRUE
Anton_2013,1,A,NA,TRUE,2.434312929452993,2.301961539983173,TRUE
Anton_2013,2,A,NA,TRUE,1.2414328842386266,0.9958360799147378,TRUE
Anton_2013,3,A,NA,TRUE,1.6383150302727352,1.266850808245588,TRUE
Anton_2013,4,A,NA,TRUE,2.2082084184480824,1.858316465381151,TRUE
Anton_2013,5,A,NA,TRUE,3.3576373105341926,3.0990076743390405,TRUE
Anton_2013,6,A,NA,TRUE,3.2539413921024023,3.0845209039989796,TRUE
LEWIS_1959,1,A,NA,TRUE,4.361530261470639,3.086568316903634,TRUE
LEWIS_1959,2,A,NA,TRUE,3.8181029291687505,2.660211398882651,TRUE
Soudi_2016,1,A,F,TRUE,5.308702218819953,4.33928555897322,TRUE
Soudi_2016,1,A,M,TRUE,5.984436821407621,0.4829121334916646,TRUE
Hangartner_2012,1,A,NA,TRUE,1.1693141452207414,1.0494246627737236,TRUE
Hangartner_2012,2,A,NA,TRUE,1.4805340626831496,1.4297134957323927,TRUE
Wood_1996,1,A,NA,FALSE,0.2542372881355932,0.21028037383177572,FALSE
BYRNE_1994,1,A,NA,TRUE,Inf,2.312210582077283,TRUE
Craig_2001a,2,A,F,TRUE,2.1607142857142856,1.890625,TRUE
Craig_2001a,2,A,M,TRUE,1.4603174603174605,0.9684210526315791,TRUE
Rouleau_2010,1,A,NA,TRUE,0.647020153560693,0.5506621850784983,TRUE
Rouleau_2010,2,A,NA,FALSE,0.19003920750510528,0.15931166458187995,FALSE
Rouleau_2010,3,A,NA,TRUE,1.305007976624421,1.0702752694156494,TRUE
Rouleau_2010,4,A,NA,FALSE,0.2812367751991181,0.19899381677010514,FALSE
Rouleau_2010,5,A,NA,FALSE,0.277280100383702,0.1659091074549207,FALSE
Husemann_2017,1,A,NA,FALSE,0.3081978743109182,0.29013025169492007,FALSE
Husemann_2017,2,A,NA,TRUE,1.472044964847633,1.3126470865202828,TRUE
Husemann_2017,3,A,NA,FALSE,0.025648533880653315,0.02448643204448781,FALSE
Hermann_2015,1,A,NA,TRUE,5.583333333333333,5.153846153846153,TRUE
Hermann_2015,2,A,NA,TRUE,10.923076923076925,9.46666666666667,TRUE
Hermann_2015,3,A,NA,TRUE,8.4375,7.9411764705882355,TRUE
Hermann_2015,4,A,NA,TRUE,8.066666666666666,7.117647058823529,TRUE
Hermann_2015,5,A,NA,TRUE,2.4444444444444446,2.4444444444444446,TRUE
Hermann_2015,6,A,NA,FALSE,2.8000000000000003,1.7500000000000002,TRUE
Hermann_2015,7,A,NA,FALSE,0.8235294117647065,0.6363636363636369,FALSE
Hermann_2015,8,A,NA,TRUE,2.4666666666666677,2.1764705882352944,TRUE
Hermann_2015,9,A,NA,FALSE,1.8461538461538443,1.09090909090909,TRUE
Hermann_2015,10,A,NA,TRUE,8,6.4,TRUE
Hermann_2015,11,A,NA,FALSE,2.4,1.5,TRUE
Fishman_2015,1,A,NA,TRUE,10.600000000000003,8.958635100122276,TRUE
Fishman_2015,2,A,NA,TRUE,24.157142857142855,16.813598173481427,TRUE
Fishman_2015,3,A,NA,TRUE,17.274074074074072,14.599257200199263,TRUE
Fishman_2015,4,A,NA,TRUE,13.437952650183412,10.175999999999998,TRUE
Fishman_2015,5,A,NA,TRUE,13.900000000000002,10.679676491569438,TRUE
Fishman_2015,6,A,NA,TRUE,30.139999999999997,21.22745769793124,TRUE
Fishman_2015,7,A,NA,TRUE,22.36,20.997387928588477,TRUE
Fishman_2015,8,A,NA,TRUE,7.779999999999999,4.69664292984847,TRUE
Fishman_2015,9,A,NA,TRUE,11.54285714285714,5.938127285396881,TRUE
Wessinger_2014,1,A,NA,TRUE,21.124999999999986,13.342105263157887,TRUE
Wessinger_2014,2,A,NA,TRUE,9.812500000000002,9.812500000000002,TRUE
Wessinger_2014,3,A,NA,TRUE,14.795918367346939,5.972750316856781,TRUE
Wessinger_2014,4,A,NA,TRUE,8.685714285714287,5.96078431372549,TRUE
Wessinger_2014,5,A,NA,TRUE,163.25000000000003,7.682352941176472,TRUE
Wessinger_2014,6,A,NA,TRUE,9.377358490566035,6.060975609756096,TRUE
Wessinger_2014,7,A,NA,TRUE,28.60000000000001,6.5596330275229375,TRUE
Wessinger_2014,8,A,NA,TRUE,4.919075144508671,2.7810457516339873,TRUE
Wessinger_2014,9,A,NA,TRUE,19.252252252252248,7.524647887323943,TRUE
Chen_2013b,1,A,NA,TRUE,6.415204678362574,3.242073451593189,TRUE
Chen_2013b,1,B,NA,TRUE,19.10409380505219,6.741266675555209,TRUE
Chen_2013b,1,C,NA,TRUE,9.91637311055756,6.923976608187135,TRUE
Chen_2013b,2,A,NA,TRUE,10.399999999999999,4.995598126443212,TRUE
Chen_2013b,2,B,NA,TRUE,22.261587607991547,8.866386097813871,TRUE
Chen_2013b,2,C,NA,TRUE,9.718715673556583,8.058333333333332,TRUE
Chen_2013b,3,A,NA,TRUE,6.24731182795699,3.4665723029392987,TRUE
Chen_2013b,3,B,NA,TRUE,17.240966885401214,7.505934521682682,TRUE
Chen_2013b,3,C,NA,TRUE,9.278326376324818,7.279569892473119,TRUE
Chen_2013b,4,A,NA,TRUE,5.135538920113446,4.666666666666666,TRUE
Chen_2013b,4,B,NA,TRUE,12.768349983423553,12.320233764016002,TRUE
Chen_2013b,4,C,NA,TRUE,7.446019292181294,6.52873563218391,TRUE
Chen_2013b,5,A,NA,TRUE,2.2564102564102564,1.4270791492041914,TRUE
Chen_2013b,5,B,NA,TRUE,6.773954874847091,2.732532234555753,TRUE
Chen_2013b,5,C,NA,TRUE,3.236221765134663,2.0641025641025643,TRUE
Lehtinen_2016,1,A,NA,TRUE,2.6567524009361274,1.68402420007687,TRUE
Lehtinen_2016,2,A,NA,TRUE,2.972687881350897,2.4638500689866056,TRUE
Lehtinen_2016,3,A,NA,TRUE,2.0523548083802283,1.1676687527094372,TRUE
Lehtinen_2016,4,A,NA,FALSE,1.211346272956388,0.4527657767424521,TRUE
Lehtinen_2016,5,A,NA,FALSE,0.18596271942136533,0.1761877654158578,FALSE
Lehtinen_2016,6,A,NA,FALSE,0.3265304186846377,0.2418145921758216,FALSE
Lehtinen_2016,7,A,NA,FALSE,0.44050604744949595,0.36821300394593215,FALSE
Lehtinen_2016,8,A,NA,FALSE,0.9722717982630045,0.5621785871695708,FALSE
Lehtinen_2016,9,A,NA,FALSE,0.5077327417818139,0.4451163416466706,FALSE
Lehtinen_2016,10,A,NA,FALSE,0,0,FALSE
Lehtinen_2016,11,A,NA,FALSE,0.4955039033681757,0.33727453401192536,FALSE
Lehtinen_2016,12,A,NA,FALSE,0.9343894254298418,0.6155230427171899,FALSE
Lehtinen_2016,13,A,NA,FALSE,1.6920614289866487,0.9183742576132549,TRUE
Henry_2002,1,A,M,FALSE,0.1503579952267326,0.10787671232876878,FALSE
Henry_2002,2,A,M,FALSE,0,0,FALSE
Henry_2002,3,A,M,TRUE,1.6700336700336678,1.3121693121693105,TRUE
Henry_2002,4,A,M,TRUE,16.314332659251768,2.076727535998713,TRUE
Henry_2002,5,A,M,TRUE,19.662031075628807,2.5733144584133827,TRUE
Henry_2002,6,A,M,TRUE,90.99494438827098,1.4073932166943603,TRUE
Henry_2002,7,A,M,TRUE,Inf,1.6250000000000002,TRUE
O'Quin_2012,1,A,NA,TRUE,3.958080534485024,1.9617413896903053,TRUE
O'Quin_2012,2,A,NA,TRUE,1.8101754374777141,1.5626200387170577,TRUE
O'Quin_2012,3,A,NA,TRUE,1.6665199618873583,1.6424897344712392,TRUE
O'Quin_2012,4,A,NA,TRUE,1.4141629771792694,1.1375730403944357,TRUE
O'Quin_2012,5,A,NA,TRUE,4.765262709407531,3.0581886772420552,TRUE
O'Quin_2012,6,A,NA,TRUE,3.0507086052030328,1.0358272176380787,TRUE
O'Quin_2012,7,A,NA,TRUE,5.184070358512102,4.069949569677272,TRUE
O'Quin_2012,8,A,NA,TRUE,3.121812830157287,2.693823166866079,TRUE
O'Quin_2012,9,A,NA,FALSE,0.38165880118832357,0.3048003048004572,FALSE
Blankers_2015,1,A,M,TRUE,2.0454545454545423,1.6666666666666639,TRUE
Blankers_2015,2,A,M,TRUE,5.580310880829014,3.988888888888887,TRUE
Blankers_2015,3,A,M,FALSE,0.16666666666666682,0.1250000000000001,FALSE
Blankers_2015,4,A,M,TRUE,6.666666666666667,2.564102564102564,TRUE
Blankers_2015,5,A,M,TRUE,1.6000000000000003,1.4545454545454548,TRUE
Blankers_2015,6,A,F,TRUE,3.5612648221343868,2.1224970553592457,TRUE
Blankers_2015,7,A,F,FALSE,0.3777777777777776,0.24637681159420283,FALSE
Blankers_2015,11,A,F,TRUE,0.9333333333333342,0.38888888888888923,TRUE
Blankers_2015,12,A,F,FALSE,0.4782608695652178,0.36666666666666703,FALSE
Blankers_2015,13,A,F,TRUE,0.8636363636363634,0.7599999999999998,TRUE
LAMB_1987,1,A,NA,TRUE,3.9749999999999996,3.456521739130434,TRUE
LAMB_1987,2,A,NA,TRUE,3.044117647058824,2.7600000000000002,TRUE
LAMB_1987,3,A,NA,TRUE,4.518518518518517,2.772727272727272,TRUE
LAMB_1987,4,A,NA,TRUE,1.1904761904761905,1.1363636363636365,TRUE
LAMB_1987,5,A,NA,TRUE,3.7499999999999996,2.571428571428571,TRUE
LAMB_1987,6,A,NA,TRUE,4.657894736842106,2.5839416058394167,TRUE
LAMB_1987,7,A,NA,TRUE,4.631578947368422,3.0697674418604657,TRUE
LAMB_1987,8,A,NA,TRUE,3.5217391304347827,2.1891891891891895,TRUE
LAMB_1987,9,A,NA,TRUE,2.333333333333333,1.8749999999999996,TRUE
LAMB_1987,10,A,NA,TRUE,3.5714285714285716,2.586206896551724,TRUE
LAMB_1987,11,A,NA,TRUE,5.500000000000002,2.788732394366198,TRUE
LAMB_1987,12,A,NA,TRUE,5.628571428571428,2.6442953020134223,TRUE
LAMB_1987,13,A,NA,TRUE,2.5652173913043472,1.8247422680412366,TRUE
LAMB_1987,14,A,NA,TRUE,2.8823529411764697,2.247706422018348,TRUE
LAMB_1987,15,A,NA,TRUE,6.780952380952382,3.0557939914163095,TRUE
LAMB_1987,16,A,NA,TRUE,0.46046511627906905,0.44999999999999923,TRUE
LAMB_1987,17,A,NA,TRUE,1.8242574257425737,1.4888888888888883,TRUE
Bradshaw_1998,1,A,NA,TRUE,19.449646713356813,3.941230292646107,TRUE
Bradshaw_1998,2,A,NA,TRUE,4.205970793210296,3.856664322121979,TRUE
Bradshaw_1998,3,A,NA,FALSE,0.0971605870024675,0.08161354735431414,FALSE
Bradshaw_1998,4,A,NA,TRUE,8.020566614459748,4.557792708226207,TRUE
Bradshaw_1998,5,A,NA,TRUE,10.28224384079517,8.275304791192967,TRUE
Bradshaw_1998,6,A,NA,TRUE,19.885580751310826,5.256559617918033,TRUE
Bradshaw_1998,7,A,NA,TRUE,0.6906255356603475,0.570561734610064,TRUE
Bradshaw_1998,8,A,NA,TRUE,34.76691543564919,3.807333346689907,TRUE
Bradshaw_1998,9,A,NA,TRUE,30.1228844340579,14.00236804511569,TRUE
Bradshaw_1998,10,A,NA,TRUE,25.81749014409516,19.93567628797392,TRUE
Bradshaw_1998,11,A,NA,TRUE,2.170102283694838,1.793655521369356,TRUE
Bradshaw_1998,12,A,NA,TRUE,5.304289390231401,3.6483249682385033,TRUE
Stankowski_2015,1,A,NA,TRUE,7.174379019039215,7.035113748763602,TRUE
Stankowski_2015,2,A,NA,TRUE,4.247122386657271,3.8648995297135524,TRUE
Stankowski_2015,3,A,NA,TRUE,6.261566933991364,4.5292280232039275,TRUE
Stankowski_2015,4,A,NA,TRUE,33.16071428571429,3.562020460358056,TRUE
Stankowski_2015,5,A,NA,TRUE,12.6424352567015,3.5491441544858553,TRUE
Stankowski_2015,6,A,NA,TRUE,8.208258146693556,5.388099219620958,TRUE
Tsuchiya_2012,1,A,F,TRUE,4.473864947672399,3.696179488851033,TRUE
Tsuchiya_2012,1,A,M,TRUE,3.972929244612885,3.19134844408012,TRUE
Tsuchiya_2012,2,A,F,TRUE,3.452866442093039,2.71080194654803,TRUE
Tsuchiya_2012,2,A,M,TRUE,2.861427661796745,2.3316553831165305,TRUE
Tsuchiya_2012,3,A,F,FALSE,0.8437500021093749,0.5356709065741085,FALSE
Tsuchiya_2012,3,A,M,TRUE,1.5753415048211252,1.5533076675452788,TRUE
Tsuchiya_2012,4,A,F,TRUE,2.7271679058486744,1.9829146309733747,TRUE
Tsuchiya_2012,4,A,M,TRUE,2.022514290158261,1.7155060577409353,TRUE
Ng_2013,1,A,M,FALSE,0.05616439465733509,0.02617048177992464,FALSE
Ng_2013,2,A,M,TRUE,7.482893438654759,2.513960718109198,TRUE
Ng_2013,3,A,M,TRUE,10.067017474984178,3.4868628938319763,TRUE
Ng_2013,4,A,M,FALSE,1.3896613223202623,0.787886362605561,TRUE
Ng_2013,5,A,M,FALSE,0.18791848056400978,0.11945554641275816,FALSE
Ng_2013,6,A,M,TRUE,3.4717812848988188,3.0002801889435733,TRUE
Ng_2013,7,A,M,TRUE,9.330830586723089,3.179403813243775,TRUE
Ng_2013,8,A,M,TRUE,1.86995273947722,1.5509953106717835,TRUE
Ng_2013,9,A,M,TRUE,10.521651657372146,2.430312181199373,TRUE
Jacquemyn_2012,1,A,NA,FALSE,0.06896551724137938,0.048192771084337394,FALSE
Jacquemyn_2012,2,A,NA,FALSE,0.4999999999999996,0.41176470588235264,FALSE
Jacquemyn_2012,3,A,NA,FALSE,0.008403361344537636,0.006410256410256273,FALSE
Jacquemyn_2012,4,A,NA,FALSE,0.3500000000000003,0.2978723404255322,FALSE
Jacquemyn_2012,5,A,NA,TRUE,0.9916666666666678,0.8263888888888898,TRUE
Jacquemyn_2012,6,A,NA,TRUE,2.607843137254901,2.2166666666666663,TRUE
Jacquemyn_2012,7,A,NA,TRUE,2.1465517241379306,1.4393063583815024,TRUE
Jacquemyn_2012,8,A,NA,FALSE,0.7209302325581397,0.607843137254902,FALSE
Jacquemyn_2012,9,A,NA,TRUE,0.9885714285714288,0.8781725888324875,TRUE
Jacquemyn_2012,10,A,NA,TRUE,7.097560975609757,6.1914893617021285,TRUE
Jacquemyn_2012,11,A,NA,TRUE,2.574850299401198,2.128712871287129,TRUE
Bog_2017,1,A,NA,TRUE,12.445945945945946,0.8721590909090909,TRUE
Bog_2017,1,B,NA,TRUE,0.8243243243243242,0.8243243243243242,TRUE
Bog_2017,2,A,NA,TRUE,873.2857142857143,1.2772670288340995,TRUE
Bog_2017,2,B,NA,FALSE,0.5714285714285714,0.1818181818181818,FALSE
Bog_2017,3,A,NA,TRUE,Inf,1.364864864864865,TRUE
Bog_2017,3,B,NA,FALSE,Inf,0.27083333333333337,TRUE
Bog_2017,5,A,NA,TRUE,301.00000000000006,0.8945022288261516,TRUE
Bog_2017,5,B,NA,FALSE,0.5,0.1,FALSE
Bog_2017,6,A,NA,TRUE,282.1363636363636,1.1492316237733753,TRUE
Bog_2017,6,B,NA,FALSE,3,0.40909090909090906,TRUE
Bog_2017,7,A,NA,TRUE,Inf,1.364864864864865,TRUE
Bog_2017,7,B,NA,FALSE,Inf,0.27083333333333337,TRUE
Bog_2017,8,A,NA,TRUE,35.151515151515156,1.230116648992577,TRUE
Bog_2017,8,B,NA,FALSE,Inf,0.24242424242424243,TRUE
Bog_2017,9,A,NA,FALSE,0.7239755063589262,0.530732044198895,FALSE
Bog_2017,9,B,NA,TRUE,207.28571428571428,1.5031077348066295,TRUE
Bog_2017,10,A,NA,TRUE,9.73968363136176,1.1598280098280098,TRUE
Bog_2017,10,B,NA,TRUE,43.722772277227726,1.518569463548831,TRUE
Bog_2017,11,A,NA,FALSE,0.6500780031201245,0.6052287581699344,FALSE
Bog_2017,11,B,NA,TRUE,1.5421115065243183,1.3217138707334788,TRUE
Hopper_1978,1,A,NA,TRUE,7.636363636363638,3.1111111111111116,TRUE
Hopper_1978,2,A,NA,TRUE,10.571428571428571,6.7272727272727275,TRUE
Hopper_1978,3,A,NA,TRUE,2.8666666666666667,2.457142857142857,TRUE
Hopper_1978,4,A,NA,TRUE,6.327272727272727,4.971428571428571,TRUE
Hopper_1978,5,A,NA,FALSE,0.37333333333333296,0.21538461538461517,FALSE
Hopper_1978,6,A,NA,TRUE,1.7600000000000002,1.7600000000000002,TRUE
Hopper_1978,7,A,NA,TRUE,3.7894736842105265,3.2727272727272725,TRUE
Hopper_1978,8,A,NA,TRUE,20.999999999999996,5.860465116279069,TRUE
Hopper_1978,9,A,NA,TRUE,2.857142857142857,2.2222222222222223,TRUE
Hopper_1978,10,A,NA,TRUE,3.1428571428571432,3.0877192982456143,TRUE
Hopper_1978,11,A,NA,TRUE,6.782608695652174,6.24,TRUE
Vallejo-Marin_2017,1,A,NA,TRUE,0.9469493831976896,0.6953145908688986,TRUE
Vallejo-Marin_2017,2,A,NA,TRUE,1.0714858092040094,1.0365101318236638,TRUE
Vallejo-Marin_2017,3,A,NA,TRUE,0.8985366589878346,0.8122982713116748,TRUE
Vallejo-Marin_2017,4,A,NA,FALSE,0.033864030663521165,0.026689383388573063,FALSE
Vallejo-Marin_2017,5,A,NA,FALSE,0.12104652099019106,0.12004076163336648,FALSE
Vallejo-Marin_2017,6,A,NA,TRUE,0.9372584663398501,0.8645712576325213,TRUE
Vallejo-Marin_2017,7,A,NA,TRUE,0.6161242778778915,0.49132311202811463,TRUE
Vallejo-Marin_2017,8,A,NA,TRUE,0.5172146554550751,0.37652822572782474,TRUE
Vallejo-Marin_2017,9,A,NA,TRUE,1.1337027588453532,0.8331533728474132,TRUE
Nakazato_2013,1,A,NA,TRUE,7.4088941069157705,6.461351928666331,TRUE
Nakazato_2013,2,A,NA,TRUE,6.994917259777188,4.06592978389353,TRUE
Nakazato_2013,3,A,NA,FALSE,0.2890992197073923,0.13617480944185834,FALSE
Nakazato_2013,4,A,NA,TRUE,10.42432118112135,4.778687648579433,TRUE
Nakazato_2013,5,A,NA,TRUE,21.453095979157688,4.685107204813142,TRUE
Nakazato_2013,6,A,NA,TRUE,4.097277563118956,1.7725606939091603,TRUE
Nakazato_2013,7,A,NA,TRUE,2.522598211340834,2.2440598630011523,TRUE
Nakazato_2013,8,A,NA,TRUE,6.406032655234514,3.763824538582745,TRUE
Koelling_2010,1,A,NA,FALSE,0.5139372595090196,0.5139372595090196,FALSE
Koelling_2010,2,A,NA,FALSE,0.32253993527807406,0.32253993527807406,FALSE
Koelling_2010,3,A,NA,FALSE,0.5798023517750658,0.5798023517750658,FALSE
Koelling_2010,4,A,NA,TRUE,2.5437174636743785,2.5437174636743785,TRUE
Koelling_2010,5,A,NA,TRUE,0.7674027082644704,0.7674027082644704,TRUE
Koelling_2010,6,A,NA,FALSE,0.10174198290453923,0.10174198290453923,FALSE
Koelling_2010,7,A,NA,FALSE,0.034463776154462014,0.034463776154462014,FALSE
Koelling_2010,8,A,NA,FALSE,0.6709712430074443,0.6709712430074443,FALSE
Piwczynski_2013,1,A,NA,TRUE,1.8985930065203016,1.5888799912515528,TRUE
Piwczynski_2013,2,A,NA,TRUE,1.704852434268819,1.5760371639583826,TRUE
Piwczynski_2013,3,A,NA,TRUE,0.9687954809904034,0.7178001550810652,TRUE
Piwczynski_2013,4,A,NA,TRUE,3.087520135520001,2.3017011844405224,TRUE
Piwczynski_2013,5,A,NA,TRUE,0.270949500103325,0.2252978495290903,TRUE
Piwczynski_2013,6,A,NA,TRUE,0.7215192626188337,0.634814871662361,TRUE
Piwczynski_2013,7,A,NA,TRUE,0.3531610463584606,0.2894512122813407,TRUE
Piwczynski_2013,8,A,NA,TRUE,1.0679373337553526,0.912629736343188,TRUE
Piwczynski_2013,9,A,NA,TRUE,1.3154837350448512,1.2402683441104623,TRUE
Piwczynski_2013,10,A,NA,TRUE,1.6457553003332077,1.444922966204501,TRUE
Piwczynski_2013,11,A,NA,TRUE,0.2756067443658604,0.2583493600229456,TRUE
Piwczynski_2013,12,A,NA,TRUE,0.634736380104951,0.5501646447375527,TRUE
Piwczynski_2013,13,A,NA,TRUE,0.34590370469597365,0.3190218535380524,TRUE
Piwczynski_2013,14,A,NA,TRUE,1.213867813827997,1.166273926284016,TRUE
Piwczynski_2013,15,A,NA,TRUE,2.2158419071527806,1.6287609477680947,TRUE
Piwczynski_2013,16,A,NA,TRUE,0.9953284645895182,0.8864296166821369,TRUE
Piwczynski_2013,17,A,NA,TRUE,8.596621853111136,4.597947131270239,TRUE
Piwczynski_2013,18,A,NA,TRUE,1.2709436731157395,1.247341619463859,TRUE
Piwczynski_2013,19,A,NA,TRUE,9.400620860747633,2.9324453341774275,TRUE
Piwczynski_2013,20,A,NA,TRUE,8.5975848118002,4.95017455025221,TRUE
Piwczynski_2013,21,A,NA,TRUE,0.8448839280411454,0.6372077653659834,TRUE
Piwczynski_2013,22,A,NA,TRUE,2.3673382934669833,1.5146529269030764,TRUE
Piwczynski_2013,23,A,NA,FALSE,0.09573724983555229,0.06247270521338668,FALSE
Piwczynski_2013,24,A,NA,FALSE,0.1902039696884372,0.16262068693952123,FALSE
Piwczynski_2013,25,A,NA,TRUE,1.043176930297437,0.7756151499379086,TRUE
Piwczynski_2013,26,A,NA,TRUE,1.9648855723065124,1.751160805642397,TRUE
Piwczynski_2013,27,A,NA,TRUE,0.6851759875664254,0.45145518972250626,TRUE
Piwczynski_2013,28,A,NA,TRUE,1.2761115977679056,1.0853958170786318,TRUE
Piwczynski_2013,29,A,NA,TRUE,2.450085469557925,1.4769194005887245,TRUE
Piwczynski_2013,30,A,NA,TRUE,0.2550890925934088,0.16819703701839037,TRUE
Piwczynski_2013,31,A,NA,TRUE,0.5797994683649581,0.5741869798786691,TRUE
Piwczynski_2013,32,A,NA,TRUE,2.2760404005352814,2.2681184954003757,TRUE
Piwczynski_2013,33,A,NA,FALSE,0.19912957350662924,0.12365850721219215,FALSE
Piwczynski_2013,34,A,NA,FALSE,0.21367780904527822,0.1741323421843614,FALSE
Piwczynski_2013,35,A,NA,TRUE,2.271722872896316,2.042225985402666,TRUE
Piwczynski_2013,36,A,NA,TRUE,3.4014495011327095,1.8113553729621006,TRUE
Piwczynski_2013,37,A,NA,TRUE,0.31933170980126285,0.2616407561693644,TRUE
Piwczynski_2013,38,A,NA,TRUE,1.7903679978765978,1.1172061722174966,TRUE
Piwczynski_2013,39,A,NA,TRUE,3.777113250254556,1.848419218527421,TRUE
Piwczynski_2013,40,A,NA,FALSE,0.040126057978493744,0.030413840250118316,FALSE
Piwczynski_2013,41,A,NA,TRUE,3.9855219762646206,2.0240685914135335,TRUE
Piwczynski_2013,42,A,NA,TRUE,0.7553039463553877,0.4990151819134199,TRUE
Piwczynski_2013,43,A,NA,TRUE,3.7510138183853106,2.631555922879154,TRUE
Piwczynski_2013,44,A,NA,TRUE,2.5149951895979163,2.070549234578361,TRUE
Yorkston_2006,1,A,NA,TRUE,1.466019417475728,1.4245283018867922,TRUE
Yorkston_2006,2,A,NA,TRUE,4.8,2.823529411764706,TRUE
Yorkston_2006,3,A,NA,TRUE,17.313725490196077,2.635820895522388,TRUE
Yorkston_2006,4,A,NA,TRUE,14.876712328767125,2.355748373101952,TRUE
Yorkston_2006,6,A,NA,TRUE,1.7553191489361701,1.4062499999999998,TRUE
Yorkston_2006,7,A,NA,TRUE,2.8484848484848486,2.506666666666667,TRUE
Yorkston_2006,8,A,NA,FALSE,0.5510204081632654,0.36986301369863017,FALSE
Stahlberg_2009,1,A,NA,TRUE,1.082739905487654,0.60383873824968,TRUE
Stahlberg_2009,2,A,NA,TRUE,1.1965973723125927,0.9211121022071705,TRUE
Stahlberg_2009,3,A,NA,FALSE,0.6303694269463646,0.32188318001143224,FALSE
Stahlberg_2009,4,A,NA,TRUE,10.013787248322153,3.1377029233410543,TRUE
Stahlberg_2009,5,A,NA,FALSE,0.2237164831261105,0.11730379959804553,FALSE
Stahlberg_2009,6,A,NA,TRUE,Inf,0.4855727814271701,TRUE
Stahlberg_2009,7,A,NA,FALSE,0.2027964372491857,0.16845267838621164,FALSE
Stahlberg_2009,8,A,NA,FALSE,0.003699338506880852,0.002274449803642405,FALSE
Stahlberg_2009,12,A,NA,TRUE,0.7376056090085967,0.6337487619047618,TRUE
Stahlberg_2009,15,A,NA,FALSE,0.34864460641399414,0.19171255494439118,FALSE
Stahlberg_2009,17,A,NA,FALSE,0.38630520169542854,0.2548019447365615,FALSE
Stahlberg_2009,18,A,NA,FALSE,0.4121160333203221,0.3454647413333333,FALSE
Stahlberg_2009,20,A,NA,FALSE,0.3924436013694827,0.22158994530640164,FALSE
Stahlberg_2009,21,A,NA,TRUE,1.63994287425636,0.5543738807711149,TRUE
Stahlberg_2009,22,A,NA,FALSE,0.325255908592894,0.10670522627678908,FALSE
Stahlberg_2009,23,A,NA,FALSE,0.3008091128713637,0.057012540266239524,FALSE
Stahlberg_2009,26,A,NA,TRUE,0.5875861919106747,0.4644364204870743,TRUE
Stahlberg_2009,27,A,NA,TRUE,6.96130061842919,1.8834742656575403,TRUE
Stahlberg_2009,13,A,NA,NA,NA,NA,NA
Stahlberg_2009,14,A,NA,NA,NA,NA,NA
Wendt_2000,1,A,NA,TRUE,1.5327102803738313,1.1468531468531467,TRUE
Wendt_2000,2,A,NA,TRUE,0.6000000000000005,0.5000000000000004,TRUE
Wendt_2000,3,A,NA,TRUE,1.611650485436893,1.1527777777777777,TRUE
Wendt_2000,4,A,NA,TRUE,2.800796812749004,1.0933125972006221,TRUE
Jancuchova-Laskova_2015,1,A,NA,TRUE,2.833912106761117,2.3198847392340607,TRUE
Jancuchova-Laskova_2015,2,A,NA,TRUE,2.356340123034083,2.0869938753331354,TRUE
Jancuchova-Laskova_2015,3,A,NA,TRUE,2.542561762392775,1.9329196564793123,TRUE
Jancuchova-Laskova_2015,4,A,NA,TRUE,17.369406867846003,14.453512284879324,TRUE
Jancuchova-Laskova_2015,5,A,NA,TRUE,5.998515354361466,5.875175387127216,TRUE
Gottsberger_2007,1,A,M,FALSE,0.11351351351351349,0.0871369294605809,FALSE
Gottsberger_2007,2,A,M,TRUE,47.25,5.90625,TRUE
Gottsberger_2007,3,A,M,TRUE,0.7407407407407409,0.7017543859649126,TRUE
Gottsberger_2007,4,A,M,TRUE,5.111111111111111,1.9166666666666665,TRUE
Gottsberger_2007,5,A,M,TRUE,27.2,3.942028985507246,TRUE
Gottsberger_2007,6,A,M,TRUE,31,6.2,TRUE
Gottsberger_2007,7,A,M,TRUE,6.777777777777778,4.357142857142857,TRUE
Gottsberger_2007,8,A,M,FALSE,0.16666666666666757,0.14285714285714363,FALSE
Gottsberger_2007,9,A,M,TRUE,3.0263157894736845,2.233009708737864,TRUE
Rogers_2002,3,A,NA,TRUE,7.5055534889302695,2.7781942813401015,TRUE
Rogers_2002,4,A,NA,TRUE,5.751086880108487,2.0493901463838387,TRUE
Rogers_2002,2,A,NA,TRUE,4.260281676656318,3.8890873305520235,TRUE
Raeymaekers_2009,29,A,M,TRUE,0.6546536707079771,0.5669467095138407,TRUE
Raeymaekers_2009,16,A,M,FALSE,0.25197631533948484,0.1454785934906616,FALSE
Raeymaekers_2009,2,A,M,FALSE,0.04724555912615344,0.03636964837266543,FALSE
Raeymaekers_2009,8,A,M,FALSE,0.5673665146135802,0.49135381491199537,FALSE
Raeymaekers_2009,21,A,M,FALSE,0.07559289460184551,0.07273929674533086,FALSE
Raeymaekers_2009,10,A,M,FALSE,0.2493918745554199,0.18898223650461363,FALSE
Raeymaekers_2009,3,A,M,FALSE,0.629940788348712,0.363696483726654,FALSE
Raeymaekers_2009,15,A,M,FALSE,0.2834733547569205,0.21821789023599242,FALSE
Raeymaekers_2009,24,A,M,FALSE,0.18898223650461357,0.14547859349066156,FALSE
Raeymaekers_2009,5,A,M,FALSE,0.43643578047198484,0.37796447300922725,FALSE
Raeymaekers_2009,9,A,M,FALSE,Inf,0.1889822365046136,TRUE
Raeymaekers_2009,11,A,M,FALSE,0.7289314836606523,0.4909902530309828,FALSE
Raeymaekers_2009,12,A,M,FALSE,0.8728715609439694,0.2519763153394848,FALSE
Raeymaekers_2009,20,A,M,TRUE,0.8932385640326622,0.7974920495796066,TRUE
Raeymaekers_2009,26,A,M,TRUE,1.5840147459750338,0.6035906843927549,TRUE
Raeymaekers_2009,22,A,M,FALSE,0.14811539299767987,0.12319010134694504,FALSE
Raeymaekers_2009,23,A,M,FALSE,0.08026052815406784,0.07692180630818732,FALSE
Raeymaekers_2009,6,A,M,TRUE,2.669103144738021,1.649646241974843,TRUE
Raeymaekers_2009,7,A,M,FALSE,0.35840573425968136,0.3437867645936784,FALSE
Saldamando_2005,6,A,M,TRUE,4.909722222222222,4.423357664233577,TRUE
Saldamando_2005,1,A,M,TRUE,5.500000000000001,3.0344827586206904,TRUE
Saldamando_2005,10,A,M,TRUE,3.5217391304347845,3.375000000000002,TRUE
Saldamando_2005,7,A,M,TRUE,5.999999999999998,4.956521739130433,TRUE
Haesler_2005,1,A,NA,TRUE,4.329374809199605,3.3878832342612943,TRUE
FENSTER_1994b,4,A,NA,TRUE,2.437087183379772,1.8708286933869722,TRUE
FENSTER_1994b,4,B,NA,TRUE,1.0776318121606425,1.0444659357341801,TRUE
FENSTER_1994b,2,A,NA,TRUE,19.9318916069274,7.650353049743147,TRUE
FENSTER_1994b,2,B,NA,TRUE,16.1892220038799,6.681317235396027,TRUE
FENSTER_1994b,1,A,NA,TRUE,32.726599319671195,8.374185579922631,TRUE
FENSTER_1994b,1,B,NA,TRUE,22.978250586152114,5.926974966883571,TRUE
FENSTER_1994b,7,A,NA,TRUE,20.71524105872804,15.902043893789248,TRUE
FENSTER_1994b,7,B,NA,TRUE,13.055824196677339,6.7351988260040585,TRUE
FENSTER_1994b,5,A,NA,TRUE,31.333978072025612,12.026755886059096,TRUE
FENSTER_1994b,5,B,NA,TRUE,22.10786230637363,7.6032911191334724,TRUE
FENSTER_1994b,8,A,NA,TRUE,6.695294459834532,4.17595690488163,TRUE
FENSTER_1994b,8,B,NA,TRUE,6.373920325762474,4.274606188237242,TRUE
FENSTER_1994b,4,C,NA,TRUE,8.282511696339466,6.929646455628169,TRUE
FENSTER_1994b,2,C,NA,TRUE,16.192745289171935,7.741612973313211,TRUE
FENSTER_1994b,1,C,NA,TRUE,24.183051916579927,9.63475850390509,TRUE
FENSTER_1994b,7,C,NA,TRUE,15.980613254815971,9.550243078432237,TRUE
FENSTER_1994b,5,C,NA,TRUE,23.33452377915607,13.945045203020523,TRUE
FENSTER_1994b,8,C,NA,TRUE,7.106423150924804,3.7750223377873744,TRUE
FENSTER_1994b,4,E,NA,TRUE,3.549647869859769,1.7748239349298844,TRUE
FENSTER_1994b,2,E,NA,TRUE,2.5777204769219764,2.062176381537581,TRUE
FENSTER_1994b,1,E,NA,TRUE,4.225771273642582,4.225771273642582,TRUE
FENSTER_1994b,7,E,NA,TRUE,4.563832975533988,4.563832975533988,TRUE
FENSTER_1994b,5,E,NA,TRUE,6.169626059518172,6.169626059518172,TRUE
FENSTER_1994b,8,E,NA,TRUE,1.5454249229321448,1.2019971622805572,TRUE
FENSTER_1994b,4,D,NA,TRUE,2.5632620818012346,2.416666666666667,TRUE
FENSTER_1994b,2,D,NA,TRUE,9.000000000000002,7.159456159513794,TRUE
FENSTER_1994b,1,D,NA,TRUE,9.249999999999998,6.540737725975564,TRUE
FENSTER_1994b,7,D,NA,TRUE,12.166666666666666,6.452349378327246,TRUE
FENSTER_1994b,5,D,NA,TRUE,8.92722311248016,8.416666666666664,TRUE
FENSTER_1994b,8,D,NA,TRUE,3.3750000000000004,2.386485386504598,TRUE
Bratteler_2006a,8,A,NA,FALSE,0.46587215601300075,0.3628691983122361,FALSE
Bratteler_2006a,5,A,NA,TRUE,0.5127478753541078,0.43932038834951465,TRUE
Bratteler_2006a,11,A,NA,TRUE,1.9797101449275356,1.6618004866180043,TRUE
Bratteler_2006a,7,A,NA,TRUE,4.009433962264151,1.3843648208469057,TRUE
Bratteler_2006a,4,A,NA,TRUE,2.6392961876832843,1.2113055181695829,TRUE
Bratteler_2006a,3,A,NA,FALSE,0.04524886877828011,0.04010695187165737,FALSE
FENSTER_1994b,3,A,NA,TRUE,13.309775626450772,7.517906318141076,TRUE
FENSTER_1994b,6,A,NA,TRUE,6.995063194204118,2.7484987928021893,TRUE
Johnston_2004,2,A,NA,TRUE,10.606601717798213,4.859543224404349,TRUE
Johnston_2004,1,A,NA,TRUE,9.972208544738626,8.727680894321438,TRUE
Johnston_2004,20,A,NA,TRUE,29.025641025641026,9.929824561403509,TRUE
Johnston_2004,16,A,NA,TRUE,4.10144927536232,1.9652777777777781,TRUE
Johnston_2004,7,A,NA,TRUE,Inf,4.119949263301133,TRUE
Johnston_2004,15,A,NA,TRUE,Inf,6.833333333333334,TRUE
Johnston_2004,13,A,NA,TRUE,2.571743428195102,1.25064393491401,TRUE
Johnston_2004,14,A,NA,FALSE,0.8036999797209942,0.500180766214691,FALSE
Johnston_2004,12,A,NA,TRUE,1.9221690342673547,1.42122819840522,TRUE
Albertson_2003,2,A,NA,TRUE,0.8205754045870788,0.5826887237784467,TRUE
Albertson_2003,1,A,NA,TRUE,1.996361490311812,1.9649227266848546,TRUE
Albertson_2003,4,A,NA,TRUE,2.6072091572703733,2.516410828410211,TRUE
Albertson_2003,8,A,NA,TRUE,3.0566250656715876,2.794628631471166,TRUE
Albertson_2003,3,A,NA,TRUE,3.3274821093746874,3.3274821093746874,TRUE
Albertson_2003,15,A,NA,TRUE,1.8158264081875723,1.3333353911548742,TRUE
Albertson_2003,16,A,NA,TRUE,2.3147701630432604,2.3147701630432604,TRUE
Albertson_2003,9,A,NA,TRUE,2.5614659294493864,2.0802208154316224,TRUE
Albertson_2003,14,A,NA,TRUE,1.045118728614032,1.0057627932268927,TRUE
Albertson_2003,10,A,NA,TRUE,2.2745379642094634,1.9586299136248158,TRUE
Albertson_2003,17,A,NA,TRUE,1.2162316829998856,1.1323536358964452,TRUE
Rogers_2002,1,A,NA,TRUE,1.1222355536375854,1.0795774770373263,TRUE
Rogers_2002,5,A,NA,FALSE,0.5452752542346463,0.44613429891925604,FALSE
Rogers_2002,6,A,NA,TRUE,1.8475208614068042,1.5396007178390037,TRUE
AbGhani_2012,6,A,NA,TRUE,12.784746543379987,4.637130019539899,TRUE
Saldamando_2005,3,A,M,FALSE,1.8473687990340106,1.4761662502716042,TRUE
Saldamando_2005,4,A,M,TRUE,23.170754636639433,2.468923966334012,TRUE
Saldamando_2005,5,A,M,FALSE,9.819774407049287,1.143739020105407,TRUE
Saldamando_2005,2,A,M,FALSE,4.371366559293256,1.0434196444813335,TRUE
Saldamando_2005,8,A,F,FALSE,0.4422689883343941,0.4342995249801219,FALSE
Saldamando_2005,9,A,F,TRUE,2.6726119243092348,0.6804138314368563,TRUE
Bratteler_2006a,1,A,NA,TRUE,0.6666666666666654,0.5714285714285703,TRUE
Bratteler_2006a,2,A,NA,TRUE,0.4999999999999986,0.3529411764705872,TRUE
Bratteler_2006a,10,A,NA,FALSE,0.1250000000000001,0.1250000000000001,FALSE
Bratteler_2006a,6,A,NA,TRUE,0.4745762711864411,0.4745762711864411,TRUE
Bratteler_2006a,9,A,NA,TRUE,0.9755102040816328,0.9157088122605367,TRUE
Raeymaekers_2009,28,A,NA,TRUE,4.05862120693017,0.8432411352968584,TRUE
Raeymaekers_2009,19,A,NA,TRUE,4.229790521881916,0.8243396337579905,TRUE
Raeymaekers_2009,27,A,NA,FALSE,0.5916013396148547,0.4503182799199511,FALSE
Raeymaekers_2009,17,A,NA,FALSE,0.3823595564509361,0.36885555678165866,FALSE
Raeymaekers_2009,18,A,NA,FALSE,0.5020533967305912,0.501846917841854,FALSE
Raeymaekers_2009,4,A,NA,FALSE,0.30588764516074884,0.258198889747161,FALSE
Campbell_2005,3,A,NA,TRUE,3.162277598213551,1.3834964543006607,TRUE
Campbell_2005,4,A,NA,TRUE,1.818309690699488,1.2122064604663254,TRUE
Campbell_2005,8,A,NA,TRUE,5.014468953959582,2.3400855118478048,TRUE
Campbell_2005,7,A,NA,TRUE,2.477117470875347,1.238558749924387,TRUE
Campbell_2005,15,A,NA,FALSE,0.5453454070822162,0.44309313258970917,FALSE
Campbell_2005,14,A,NA,FALSE,0.29192012812918455,0.17171772389791226,FALSE
Campbell_2005,1,A,NA,TRUE,10.625,2.8333333333333335,TRUE
Campbell_2005,6,A,NA,FALSE,0.4,0.17204301075268819,FALSE
Campbell_2005,13,A,NA,TRUE,10.087719298245618,4.356060606060607,TRUE
Campbell_2005,2,A,NA,TRUE,19.249999999999996,4.277777777777778,TRUE
Driebe_2000,3,A,NA,TRUE,0.9973337235915661,0.9973337235915661,TRUE
Driebe_2000,1,A,NA,TRUE,1.0703093619031463,0.9312534211834461,TRUE
Driebe_2000,4,A,NA,TRUE,Inf,1.5479680853971087,TRUE
Albertson_2003,5,A,NA,TRUE,9.730209833956396,9.062395212221576,TRUE
Albertson_2003,6,A,NA,TRUE,2.2656614707345812,1.253926096325338,TRUE
Albertson_2003,7,A,NA,TRUE,1.3169058033872652,0.9602095648210919,TRUE
Albertson_2003,11,A,NA,TRUE,1.9505688903470693,1.1356239058871762,TRUE
Albertson_2003,12,A,NA,TRUE,6.6858441033534675,6.544194691125974,TRUE
Albertson_2003,13,A,NA,TRUE,2.4045245601716445,1.7603888324168244,TRUE
AbGhani_2012,5,A,NA,TRUE,3.1041884864114726,2.747076446254399,TRUE
Haesler_2005,2,A,M,TRUE,64.18528784724167,9.49200362243569,TRUE
Campbell_2005,9,A,Hermaphrodite,FALSE,1.2714018403087086,0.9081441704073294,TRUE
Campbell_2005,10,A,Hermaphrodite,FALSE,0.047105571976599966,0.03827327723098748,FALSE
Campbell_2005,11,A,Hermaphrodite,FALSE,0.18898221807884527,0.06573294531155552,FALSE
Campbell_2005,12,A,Hermaphrodite,TRUE,1.3018776880484786,1.1716898255084447,TRUE
Campbell_2005,5,A,Hermaphrodite,FALSE,1.268881159150717,0.6832437051355685,TRUE
Johnston_2004,6,A,NA,TRUE,3.497300542793847,2.184402182216842,TRUE
AbGhani_2012,2,A,M,TRUE,10.78113376602114,2.148350894321362,TRUE
AbGhani_2012,2,A,F,TRUE,8.901971372121075,1.348852354961856,TRUE
AbGhani_2012,4,A,M,TRUE,5.354982069221885,4.56180213350129,TRUE
AbGhani_2012,4,A,F,TRUE,4.300894581463039,4.054922298294656,TRUE
Veen_2007,1,A,NA,TRUE,1.938210686375042,1.2626537309231254,TRUE
Veen_2007,2,A,NA,FALSE,0.34650257676408763,0.3286266295172866,FALSE
AbGhani_2012,1,A,NA,TRUE,0.7237445943110199,0.6151829099772684,TRUE
AbGhani_2012,3,A,NA,TRUE,1.8384775837088698,1.02137644806645,TRUE
Raeymaekers_2009,13,A,M,TRUE,4.24054285333623,3.587983151709646,TRUE
Raeymaekers_2009,13,A,F,TRUE,4.107950195382027,3.298257836865466,TRUE
Raeymaekers_2009,14,A,M,TRUE,4.875438730802968,2.1608072689388824,TRUE
Raeymaekers_2009,14,A,F,TRUE,4.423163724723692,2.2227466064382164,TRUE
Raeymaekers_2009,1,A,M,TRUE,2.8241378488246984,2.526872988819011,TRUE
Raeymaekers_2009,1,A,F,TRUE,3.5948773642722767,3.410253534239069,TRUE
Raeymaekers_2009,25,A,M,FALSE,0.48641544999105474,0.3615298347511741,FALSE
Raeymaekers_2009,25,A,F,FALSE,0.4471735677141893,0.40930601123622157,FALSE
Veen_2007,5,A,M,FALSE,0.20000000000000284,0.16666666666666904,FALSE
Veen_2007,8,A,M,TRUE,2.1176470588235263,1.8947368421052602,TRUE
Veen_2007,3,A,M,TRUE,4.371681415929203,3.6058394160583944,TRUE
Veen_2007,4,A,M,TRUE,4.857142857142857,0.857142857142857,TRUE
Veen_2007,6,A,M,TRUE,2.675247524752475,1.3336623889437316,TRUE
Veen_2007,7,A,M,TRUE,5.157894736842106,1.240506329113924,TRUE
Bendall_2017,1,A,NA,TRUE,NA,NA,TRUE
Matsubayashi_2009,1,A,M,TRUE,NA,NA,TRUE
Matsubayashi_2009,2,A,NA,TRUE,NA,NA,TRUE
Grula_1980,1,A,F,TRUE,NA,NA,TRUE
STANHOPE_1992,1,A,NA,TRUE,NA,NA,TRUE
STANHOPE_1992,2,B,NA,TRUE,NA,NA,TRUE
STANHOPE_1992,3,C,NA,TRUE,NA,NA,TRUE
Naisbit_2001,1,A,NA,TRUE,NA,NA,TRUE
Naisbit_2001,2,A,NA,TRUE,NA,NA,TRUE
Selz_2014a,1,A,NA,TRUE,NA,NA,TRUE
Selz_2014a,1,B,NA,TRUE,NA,NA,TRUE
Selz_2014a,1,C,NA,TRUE,NA,NA,TRUE
Galindo_2014,1,A,NA,TRUE,NA,NA,TRUE
Galindo_2014,2,A,NA,TRUE,NA,NA,TRUE
Galindo_2014,3,A,NA,FALSE,NA,NA,NA
Galindo_2014,4,A,NA,TRUE,NA,NA,TRUE
Galindo_2014,5,A,NA,FALSE,NA,NA,NA
Galindo_2014,6,A,NA,FALSE,NA,NA,NA
Galindo_2014,7,A,NA,TRUE,NA,NA,TRUE
Galindo_2014,8,A,NA,FALSE,NA,NA,NA
Xue_2009,1,A,NA,TRUE,NA,NA,TRUE
Park_2003,1,A,NA,FALSE,NA,NA,NA
Park_2003,2,A,NA,TRUE,NA,NA,TRUE
Park_2003,3,A,NA,TRUE,NA,NA,TRUE
Park_2003,4,A,NA,TRUE,NA,NA,TRUE
Park_2003,5,A,NA,TRUE,NA,NA,TRUE
Park_2003,6,A,NA,TRUE,NA,NA,TRUE
Park_2003,7,A,NA,TRUE,NA,NA,TRUE
Park_2003,8,A,NA,TRUE,NA,NA,TRUE
Park_2003,9,A,NA,TRUE,NA,NA,TRUE
McBride_2010,1,A,NA,TRUE,NA,NA,TRUE
McBride_2010,2,A,NA,TRUE,NA,NA,TRUE
McBride_2010,3,A,F,TRUE,NA,NA,TRUE
Hora_2005,1,A,F,TRUE,NA,NA,TRUE
Hora_2005,2,B,F,TRUE,NA,NA,TRUE
LARGIADER_1994,1,A,f,TRUE,NA,NA,TRUE
LARGIADER_1994,2,A,f,TRUE,NA,NA,TRUE
LARGIADER_1994,1,A,m,TRUE,NA,NA,TRUE
LARGIADER_1994,2,A,m,TRUE,NA,NA,TRUE
Keena_2007,1,A,F,FALSE,NA,NA,NA
Keena_2007,2,A,F,TRUE,NA,NA,TRUE
Keena_2007,3,A,F,TRUE,NA,NA,TRUE
Keena_2007,4,A,F,TRUE,NA,NA,TRUE
Keena_2007,5,A,F,FALSE,NA,NA,NA
Keena_2007,6,A,F,TRUE,NA,NA,TRUE
Keena_2007,7,A,F,FALSE,NA,NA,NA
Echave_2017,1,A,NA,TRUE,NA,NA,TRUE
Wu_1997,1,A,NA,FALSE,NA,NA,NA
Wu_1997,2,A,NA,TRUE,NA,NA,TRUE
Wu_1997,3,A,NA,TRUE,NA,NA,TRUE
Wu_1997,4,A,NA,FALSE,NA,NA,NA
Wu_1997,5,A,NA,FALSE,NA,NA,NA
Wu_1997,6,A,NA,TRUE,NA,NA,TRUE
Wu_1997,7,A,NA,FALSE,NA,NA,NA
Wu_1997,8,A,NA,TRUE,NA,NA,TRUE
TARPLEY_1993,1,A,NA,TRUE,NA,NA,TRUE
Skrede_2008,1,A,NA,TRUE,NA,NA,TRUE
Yamashita_2014,1,A,NA,FALSE,NA,NA,NA
Yamashita_2014,5,A,NA,FALSE,NA,NA,NA
Chen_2013a,1,A,NA,TRUE,NA,NA,TRUE
Egan_2011,1,A,Both,TRUE,NA,NA,TRUE
Pfennig_2007,1,A,NA,TRUE,NA,NA,TRUE
Ikten_2011,1,A,NA,TRUE,NA,NA,TRUE
Roriz_2017,1,A,NA,TRUE,NA,NA,TRUE
Roriz_2017,2,A,NA,TRUE,NA,NA,TRUE
Roriz_2017,3,A,NA,TRUE,NA,NA,TRUE
ROSS_1981,3,A,NA,TRUE,NA,NA,TRUE
ROSS_1981,3,B,NA,TRUE,NA,NA,TRUE
ROSS_1981,3,C,NA,TRUE,NA,NA,TRUE
ROSS_1981,3,D,NA,TRUE,NA,NA,TRUE
Comes_1996,1,A,NA,TRUE,NA,NA,TRUE
Burton_2000,1,A,NA,TRUE,NA,NA,TRUE
Burton_2000,2,A,NA,TRUE,NA,NA,TRUE
Craig_2001a,1,A,F,TRUE,NA,NA,TRUE
Fatouros_2006,1,A,NA,TRUE,NA,NA,TRUE
Galliot_2006,1,A,NA,TRUE,NA,NA,TRUE
Galliot_2006,2,A,NA,FALSE,NA,NA,NA
Galliot_2006,3,A,NA,TRUE,NA,NA,TRUE
Galliot_2006,4,A,NA,TRUE,NA,NA,TRUE
Bog_2017,4,A,NA,TRUE,NA,NA,TRUE
Bog_2017,4,B,NA,FALSE,NA,NA,NA
Johnston_2004,5,A,NA,TRUE,NA,NA,TRUE
Johnston_2004,8,A,NA,TRUE,NA,NA,TRUE
Johnston_2004,11,A,NA,TRUE,NA,NA,TRUE
Johnston_2004,10,A,NA,TRUE,NA,NA,TRUE
Johnston_2004,4,A,NA,TRUE,NA,NA,TRUE
Johnston_2004,19,A,NA,FALSE,NA,NA,NA
Johnston_2004,18,A,NA,TRUE,NA,NA,TRUE
Johnston_2004,17,A,NA,TRUE,NA,NA,TRUE
Johnston_2004,9,A,NA,TRUE,NA,NA,TRUE
Johnston_2004,3,A,NA,TRUE,NA,NA,TRUE
Driebe_2000,2,A,NA,TRUE,NA,NA,TRUE
WARWICK_1990,7,A,NA,TRUE,NA,NA,TRUE
WARWICK_1990,8,A,NA,FALSE,NA,NA,NA
WARWICK_1990,19,A,NA,FALSE,NA,NA,NA
WARWICK_1990,9,A,NA,FALSE,NA,NA,NA
WARWICK_1990,4,A,NA,FALSE,NA,NA,NA
WARWICK_1990,5,A,NA,FALSE,NA,NA,NA
WARWICK_1990,3,A,NA,TRUE,NA,NA,TRUE
WARWICK_1990,6,A,NA,TRUE,NA,NA,TRUE
WARWICK_1990,1,A,NA,TRUE,NA,NA,TRUE
WARWICK_1990,10,A,NA,TRUE,NA,NA,TRUE
WARWICK_1990,16,A,NA,TRUE,NA,NA,TRUE
WARWICK_1990,18,A,NA,TRUE,NA,NA,TRUE
WARWICK_1990,12,A,NA,TRUE,NA,NA,TRUE
WARWICK_1990,11,A,NA,TRUE,NA,NA,TRUE
WARWICK_1990,2,A,NA,TRUE,NA,NA,TRUE
WARWICK_1990,13,A,NA,TRUE,NA,NA,TRUE
WARWICK_1990,15,A,NA,TRUE,NA,NA,TRUE
WARWICK_1990,17,A,NA,TRUE,NA,NA,TRUE
WARWICK_1990,14,A,NA,TRUE,NA,NA,TRUE
